mod_cache..cache_out_filter.txt-mod_cache..set_cache_store_nostore.txt,78,0,Type 3
mod_cache..cache_out_filter.txt-http_core..ap_process_http_async_connection.txt,72,1,No Clone
mod_file_cache..mmap_handler.txt-http_core..set_keep_alive_timeout.txt,87,2,No Clone
mod_file_cache..mmap_handler.txt-mod_cache..set_cache_store_nostore.txt,88,3,No Clone
mod_file_cache..mmap_handler.txt-http_core..ap_process_http_async_connection.txt,74,4,No Clone
mod_file_cache..mmap_handler.txt-mod_cache..cache_out_filter.txt,76,5,No Clone
mod_cache..add_cache_disable.txt-http_core..set_keep_alive_timeout.txt,51,6,No Clone
mod_cache..add_cache_disable.txt-mod_cache..set_cache_store_nostore.txt,52,7,Type 3
mod_cache..add_cache_disable.txt-http_core..ap_process_http_async_connection.txt,73,8,No Clone
mod_cache..add_cache_disable.txt-mod_cache..cache_out_filter.txt,66,9,Type 3
mod_cache..add_cache_disable.txt-mod_file_cache..mmap_handler.txt,81,10,No Clone
mod_file_cache..sendfile_handler.txt-http_core..set_keep_alive_timeout.txt,87,11,No Clone
mod_file_cache..sendfile_handler.txt-mod_cache..set_cache_store_nostore.txt,88,12,No Clone
mod_file_cache..sendfile_handler.txt-http_core..ap_process_http_async_connection.txt,74,13,Type 2
mod_file_cache..sendfile_handler.txt-mod_cache..cache_out_filter.txt,76,14,No Clone
mod_file_cache..sendfile_handler.txt-mod_file_cache..mmap_handler.txt,3,15,Type 3
mod_file_cache..sendfile_handler.txt-mod_cache..add_cache_disable.txt,81,16,No Clone
mod_cache..cache_remove_url_filter.txt-http_core..set_keep_alive_timeout.txt,64,17,No Clone
mod_cache..cache_remove_url_filter.txt-mod_cache..set_cache_store_nostore.txt,68,18,No Clone
mod_cache..cache_remove_url_filter.txt-http_core..ap_process_http_async_connection.txt,72,19,Type 3
mod_cache..cache_remove_url_filter.txt-mod_cache..cache_out_filter.txt,51,20,Type 2
mod_cache..cache_remove_url_filter.txt-mod_file_cache..mmap_handler.txt,83,21,No Clone
mod_cache..cache_remove_url_filter.txt-mod_cache..add_cache_disable.txt,64,22,No Clone
mod_cache..cache_remove_url_filter.txt-mod_file_cache..sendfile_handler.txt,83,23,Type 2
mod_cache..add_ignore_session_id.txt-http_core..set_keep_alive_timeout.txt,63,24,Type 4
mod_cache..add_ignore_session_id.txt-mod_cache..set_cache_store_nostore.txt,60,25,Type 1
mod_cache..add_ignore_session_id.txt-http_core..ap_process_http_async_connection.txt,68,26,No Clone
mod_cache..add_ignore_session_id.txt-mod_cache..cache_out_filter.txt,66,27,No Clone
mod_cache..add_ignore_session_id.txt-mod_file_cache..mmap_handler.txt,80,28,No Clone
mod_cache..add_ignore_session_id.txt-mod_cache..add_cache_disable.txt,46,29,Type 4
mod_cache..add_ignore_session_id.txt-mod_file_cache..sendfile_handler.txt,80,30,No Clone
mod_cache..add_ignore_session_id.txt-mod_cache..cache_remove_url_filter.txt,66,31,No Clone
http_core..http_create_request.txt-http_core..set_keep_alive_timeout.txt,70,32,No Clone
http_core..http_create_request.txt-mod_cache..set_cache_store_nostore.txt,72,33,No Clone
http_core..http_create_request.txt-http_core..ap_process_http_async_connection.txt,69,34,No Clone
http_core..http_create_request.txt-mod_cache..cache_out_filter.txt,71,35,No Clone
http_core..http_create_request.txt-mod_file_cache..mmap_handler.txt,83,36,No Clone
http_core..http_create_request.txt-mod_cache..add_cache_disable.txt,71,37,No Clone
http_core..http_create_request.txt-mod_file_cache..sendfile_handler.txt,83,38,No Clone
http_core..http_create_request.txt-mod_cache..cache_remove_url_filter.txt,68,39,No Clone
http_core..http_create_request.txt-mod_cache..add_ignore_session_id.txt,66,40,No Clone
http_core..set_keep_alive_max.txt-http_core..set_keep_alive_timeout.txt,15,41,Type 1
http_core..set_keep_alive_max.txt-mod_cache..set_cache_store_nostore.txt,47,42,No Clone
http_core..set_keep_alive_max.txt-http_core..ap_process_http_async_connection.txt,78,43,No Clone
http_core..set_keep_alive_max.txt-mod_cache..cache_out_filter.txt,76,44,No Clone
http_core..set_keep_alive_max.txt-mod_file_cache..mmap_handler.txt,87,45,No Clone
http_core..set_keep_alive_max.txt-mod_cache..add_cache_disable.txt,53,46,No Clone
http_core..set_keep_alive_max.txt-mod_file_cache..sendfile_handler.txt,87,47,No Clone
http_core..set_keep_alive_max.txt-mod_cache..cache_remove_url_filter.txt,63,48,No Clone
http_core..set_keep_alive_max.txt-mod_cache..add_ignore_session_id.txt,64,49,No Clone
http_core..set_keep_alive_max.txt-http_core..http_create_request.txt,70,50,No Clone
http_core..set_keep_alive.txt-http_core..set_keep_alive_timeout.txt,31,51,Type 1
http_core..set_keep_alive.txt-mod_cache..set_cache_store_nostore.txt,57,52,No Clone
http_core..set_keep_alive.txt-http_core..ap_process_http_async_connection.txt,71,53,No Clone
http_core..set_keep_alive.txt-mod_cache..cache_out_filter.txt,70,54,No Clone
http_core..set_keep_alive.txt-mod_file_cache..mmap_handler.txt,84,55,No Clone
http_core..set_keep_alive.txt-mod_cache..add_cache_disable.txt,48,56,No Clone
http_core..set_keep_alive.txt-mod_file_cache..sendfile_handler.txt,83,57,No Clone
http_core..set_keep_alive.txt-mod_cache..cache_remove_url_filter.txt,65,58,No Clone
http_core..set_keep_alive.txt-mod_cache..add_ignore_session_id.txt,53,59,No Clone
http_core..set_keep_alive.txt-http_core..http_create_request.txt,73,60,No Clone
http_core..set_keep_alive.txt-http_core..set_keep_alive_max.txt,34,61,Type 4
mod_file_cache..cachefilemmap.txt-http_core..set_keep_alive_timeout.txt,52,62,No Clone
mod_file_cache..cachefilemmap.txt-mod_cache..set_cache_store_nostore.txt,46,63,No Clone
mod_file_cache..cachefilemmap.txt-http_core..ap_process_http_async_connection.txt,86,64,No Clone
mod_file_cache..cachefilemmap.txt-mod_cache..cache_out_filter.txt,83,65,No Clone
mod_file_cache..cachefilemmap.txt-mod_file_cache..mmap_handler.txt,92,66,No Clone
mod_file_cache..cachefilemmap.txt-mod_cache..add_cache_disable.txt,67,67,No Clone
mod_file_cache..cachefilemmap.txt-mod_file_cache..sendfile_handler.txt,92,68,No Clone
mod_file_cache..cachefilemmap.txt-mod_cache..cache_remove_url_filter.txt,75,69,No Clone
mod_file_cache..cachefilemmap.txt-mod_cache..add_ignore_session_id.txt,74,70,No Clone
mod_file_cache..cachefilemmap.txt-http_core..http_create_request.txt,76,71,No Clone
mod_file_cache..cachefilemmap.txt-http_core..set_keep_alive_max.txt,47,72,No Clone
mod_file_cache..cachefilemmap.txt-http_core..set_keep_alive.txt,63,73,No Clone
mod_cache..register_hooks.txt-http_core..set_keep_alive_timeout.txt,85,74,No Clone
mod_cache..register_hooks.txt-mod_cache..set_cache_store_nostore.txt,86,75,No Clone
mod_cache..register_hooks.txt-http_core..ap_process_http_async_connection.txt,69,76,No Clone
mod_cache..register_hooks.txt-mod_cache..cache_out_filter.txt,76,77,No Clone
mod_cache..register_hooks.txt-mod_file_cache..mmap_handler.txt,75,78,No Clone
mod_cache..register_hooks.txt-mod_cache..add_cache_disable.txt,79,79,No Clone
mod_cache..register_hooks.txt-mod_file_cache..sendfile_handler.txt,74,80,No Clone
mod_cache..register_hooks.txt-mod_cache..cache_remove_url_filter.txt,82,81,No Clone
mod_cache..register_hooks.txt-mod_cache..add_ignore_session_id.txt,76,82,No Clone
mod_cache..register_hooks.txt-http_core..http_create_request.txt,79,83,No Clone
mod_cache..register_hooks.txt-http_core..set_keep_alive_max.txt,86,84,No Clone
mod_cache..register_hooks.txt-http_core..set_keep_alive.txt,82,85,No Clone
mod_cache..register_hooks.txt-mod_file_cache..cachefilemmap.txt,89,86,No Clone
mod_cache..add_ignore_header.txt-http_core..set_keep_alive_timeout.txt,63,87,No Clone
mod_cache..add_ignore_header.txt-mod_cache..set_cache_store_nostore.txt,59,88,Type 1
mod_cache..add_ignore_header.txt-http_core..ap_process_http_async_connection.txt,68,89,No Clone
mod_cache..add_ignore_header.txt-mod_cache..cache_out_filter.txt,65,90,No Clone
mod_cache..add_ignore_header.txt-mod_file_cache..mmap_handler.txt,80,91,No Clone
mod_cache..add_ignore_header.txt-mod_cache..add_cache_disable.txt,45,92,Type 1
mod_cache..add_ignore_header.txt-mod_file_cache..sendfile_handler.txt,80,93,No Clone
mod_cache..add_ignore_header.txt-mod_cache..cache_remove_url_filter.txt,66,94,No Clone
mod_cache..add_ignore_header.txt-mod_cache..add_ignore_session_id.txt,6,95,Type 1
mod_cache..add_ignore_header.txt-http_core..http_create_request.txt,65,96,No Clone
mod_cache..add_ignore_header.txt-http_core..set_keep_alive_max.txt,63,97,No Clone
mod_cache..add_ignore_header.txt-http_core..set_keep_alive.txt,52,98,No Clone
mod_cache..add_ignore_header.txt-mod_file_cache..cachefilemmap.txt,73,99,No Clone
mod_cache..add_ignore_header.txt-mod_cache..register_hooks.txt,76,100,No Clone
mod_file_cache..file_cache_handler.txt-http_core..set_keep_alive_timeout.txt,75,101,No Clone
mod_file_cache..file_cache_handler.txt-mod_cache..set_cache_store_nostore.txt,78,102,No Clone
mod_file_cache..file_cache_handler.txt-http_core..ap_process_http_async_connection.txt,66,103,No Clone
mod_file_cache..file_cache_handler.txt-mod_cache..cache_out_filter.txt,67,104,No Clone
mod_file_cache..file_cache_handler.txt-mod_file_cache..mmap_handler.txt,76,105,No Clone
mod_file_cache..file_cache_handler.txt-mod_cache..add_cache_disable.txt,64,106,No Clone
mod_file_cache..file_cache_handler.txt-mod_file_cache..sendfile_handler.txt,76,107,No Clone
mod_file_cache..file_cache_handler.txt-mod_cache..cache_remove_url_filter.txt,67,108,No Clone
mod_file_cache..file_cache_handler.txt-mod_cache..add_ignore_session_id.txt,65,109,No Clone
mod_file_cache..file_cache_handler.txt-http_core..http_create_request.txt,68,110,No Clone
mod_file_cache..file_cache_handler.txt-http_core..set_keep_alive_max.txt,76,111,No Clone
mod_file_cache..file_cache_handler.txt-http_core..set_keep_alive.txt,68,112,No Clone
mod_file_cache..file_cache_handler.txt-mod_file_cache..cachefilemmap.txt,84,113,No Clone
mod_file_cache..file_cache_handler.txt-mod_cache..register_hooks.txt,77,114,No Clone
mod_file_cache..file_cache_handler.txt-mod_cache..add_ignore_header.txt,64,115,No Clone
http_core..http_port.txt-http_core..set_keep_alive_timeout.txt,55,116,No Clone
http_core..http_port.txt-mod_cache..set_cache_store_nostore.txt,64,117,No Clone
http_core..http_port.txt-http_core..ap_process_http_async_connection.txt,77,118,No Clone
http_core..http_port.txt-mod_cache..cache_out_filter.txt,77,119,No Clone
http_core..http_port.txt-mod_file_cache..mmap_handler.txt,88,120,No Clone
http_core..http_port.txt-mod_cache..add_cache_disable.txt,62,121,No Clone
http_core..http_port.txt-mod_file_cache..sendfile_handler.txt,88,122,No Clone
http_core..http_port.txt-mod_cache..cache_remove_url_filter.txt,60,123,No Clone
http_core..http_port.txt-mod_cache..add_ignore_session_id.txt,68,124,No Clone
http_core..http_port.txt-http_core..http_create_request.txt,65,125,No Clone
http_core..http_port.txt-http_core..set_keep_alive_max.txt,55,126,No Clone
http_core..http_port.txt-http_core..set_keep_alive.txt,53,127,No Clone
http_core..http_port.txt-mod_file_cache..cachefilemmap.txt,70,128,No Clone
http_core..http_port.txt-mod_cache..register_hooks.txt,88,129,No Clone
http_core..http_port.txt-mod_cache..add_ignore_header.txt,67,130,No Clone
http_core..http_port.txt-mod_file_cache..file_cache_handler.txt,76,131,No Clone
mod_file_cache..file_cache_post_config.txt-http_core..set_keep_alive_timeout.txt,69,132,No Clone
mod_file_cache..file_cache_post_config.txt-mod_cache..set_cache_store_nostore.txt,61,133,No Clone
mod_file_cache..file_cache_post_config.txt-http_core..ap_process_http_async_connection.txt,86,134,No Clone
mod_file_cache..file_cache_post_config.txt-mod_cache..cache_out_filter.txt,84,135,No Clone
mod_file_cache..file_cache_post_config.txt-mod_file_cache..mmap_handler.txt,92,136,No Clone
mod_file_cache..file_cache_post_config.txt-mod_cache..add_cache_disable.txt,77,137,No Clone
mod_file_cache..file_cache_post_config.txt-mod_file_cache..sendfile_handler.txt,92,138,No Clone
mod_file_cache..file_cache_post_config.txt-mod_cache..cache_remove_url_filter.txt,73,139,No Clone
mod_file_cache..file_cache_post_config.txt-mod_cache..add_ignore_session_id.txt,80,140,No Clone
mod_file_cache..file_cache_post_config.txt-http_core..http_create_request.txt,74,141,Type 4
mod_file_cache..file_cache_post_config.txt-http_core..set_keep_alive_max.txt,68,142,No Clone
mod_file_cache..file_cache_post_config.txt-http_core..set_keep_alive.txt,76,143,No Clone
mod_file_cache..file_cache_post_config.txt-mod_file_cache..cachefilemmap.txt,55,144,No Clone
mod_file_cache..file_cache_post_config.txt-mod_cache..register_hooks.txt,90,145,No Clone
mod_file_cache..file_cache_post_config.txt-mod_cache..add_ignore_header.txt,80,146,No Clone
mod_file_cache..file_cache_post_config.txt-mod_file_cache..file_cache_handler.txt,84,147,No Clone
mod_file_cache..file_cache_post_config.txt-http_core..http_port.txt,66,148,No Clone
mod_cache..set_cache_factor.txt-http_core..set_keep_alive_timeout.txt,48,149,No Clone
mod_cache..set_cache_factor.txt-mod_cache..set_cache_store_nostore.txt,41,150,Type 1
mod_cache..set_cache_factor.txt-http_core..ap_process_http_async_connection.txt,74,151,No Clone
mod_cache..set_cache_factor.txt-mod_cache..cache_out_filter.txt,68,152,Type 4
mod_cache..set_cache_factor.txt-mod_file_cache..mmap_handler.txt,84,153,No Clone
mod_cache..set_cache_factor.txt-mod_cache..add_cache_disable.txt,34,154,Type 1
mod_cache..set_cache_factor.txt-mod_file_cache..sendfile_handler.txt,83,155,No Clone
mod_cache..set_cache_factor.txt-mod_cache..cache_remove_url_filter.txt,62,156,No Clone
mod_cache..set_cache_factor.txt-mod_cache..add_ignore_session_id.txt,48,157,Type 1
mod_cache..set_cache_factor.txt-http_core..http_create_request.txt,73,158,No Clone
mod_cache..set_cache_factor.txt-http_core..set_keep_alive_max.txt,48,159,No Clone
mod_cache..set_cache_factor.txt-http_core..set_keep_alive.txt,48,160,No Clone
mod_cache..set_cache_factor.txt-mod_file_cache..cachefilemmap.txt,62,161,No Clone
mod_cache..set_cache_factor.txt-mod_cache..register_hooks.txt,82,162,No Clone
mod_cache..set_cache_factor.txt-mod_cache..add_ignore_header.txt,46,163,Type 1
mod_cache..set_cache_factor.txt-mod_file_cache..file_cache_handler.txt,68,164,No Clone
mod_cache..set_cache_factor.txt-http_core..http_port.txt,57,165,No Clone
mod_cache..set_cache_factor.txt-mod_file_cache..file_cache_post_config.txt,73,166,No Clone
mod_cache..set_cache_maxex.txt-http_core..set_keep_alive_timeout.txt,43,167,No Clone
mod_cache..set_cache_maxex.txt-mod_cache..set_cache_store_nostore.txt,17,168,Type 1
mod_cache..set_cache_maxex.txt-http_core..ap_process_http_async_connection.txt,81,169,No Clone
mod_cache..set_cache_maxex.txt-mod_cache..cache_out_filter.txt,76,170,No Clone
mod_cache..set_cache_maxex.txt-mod_file_cache..mmap_handler.txt,88,171,No Clone
mod_cache..set_cache_maxex.txt-mod_cache..add_cache_disable.txt,45,172,Type 1
mod_cache..set_cache_maxex.txt-mod_file_cache..sendfile_handler.txt,88,173,No Clone
mod_cache..set_cache_maxex.txt-mod_cache..cache_remove_url_filter.txt,67,174,No Clone
mod_cache..set_cache_maxex.txt-mod_cache..add_ignore_session_id.txt,55,175,Type 1
mod_cache..set_cache_maxex.txt-http_core..http_create_request.txt,71,176,No Clone
mod_cache..set_cache_maxex.txt-http_core..set_keep_alive_max.txt,45,177,No Clone
mod_cache..set_cache_maxex.txt-http_core..set_keep_alive.txt,51,178,No Clone
mod_cache..set_cache_maxex.txt-mod_file_cache..cachefilemmap.txt,47,179,No Clone
mod_cache..set_cache_maxex.txt-mod_cache..register_hooks.txt,85,180,No Clone
mod_cache..set_cache_maxex.txt-mod_cache..add_ignore_header.txt,53,181,Type 1
mod_cache..set_cache_maxex.txt-mod_file_cache..file_cache_handler.txt,76,182,No Clone
mod_cache..set_cache_maxex.txt-http_core..http_port.txt,61,183,No Clone
mod_cache..set_cache_maxex.txt-mod_file_cache..file_cache_post_config.txt,65,184,No Clone
mod_cache..set_cache_maxex.txt-mod_cache..set_cache_factor.txt,33,185,Type 1
mod_cache..set_cache_store_private.txt-http_core..set_keep_alive_timeout.txt,47,186,No Clone
mod_cache..set_cache_store_private.txt-mod_cache..set_cache_store_nostore.txt,2,187,Type 1
mod_cache..set_cache_store_private.txt-http_core..ap_process_http_async_connection.txt,82,188,No Clone
mod_cache..set_cache_store_private.txt-mod_cache..cache_out_filter.txt,78,189,No Clone
mod_cache..set_cache_store_private.txt-mod_file_cache..mmap_handler.txt,88,190,No Clone
mod_cache..set_cache_store_private.txt-mod_cache..add_cache_disable.txt,52,191,Type 1
mod_cache..set_cache_store_private.txt-mod_file_cache..sendfile_handler.txt,88,192,No Clone
mod_cache..set_cache_store_private.txt-mod_cache..cache_remove_url_filter.txt,67,193,No Clone
mod_cache..set_cache_store_private.txt-mod_cache..add_ignore_session_id.txt,60,194,Type 1
mod_cache..set_cache_store_private.txt-http_core..http_create_request.txt,72,195,No Clone
mod_cache..set_cache_store_private.txt-http_core..set_keep_alive_max.txt,46,196,No Clone
mod_cache..set_cache_store_private.txt-http_core..set_keep_alive.txt,56,197,No Clone
mod_cache..set_cache_store_private.txt-mod_file_cache..cachefilemmap.txt,46,198,No Clone
mod_cache..set_cache_store_private.txt-mod_cache..register_hooks.txt,86,199,No Clone
mod_cache..set_cache_store_private.txt-mod_cache..add_ignore_header.txt,59,200,Type 1
mod_cache..set_cache_store_private.txt-mod_file_cache..file_cache_handler.txt,79,201,No Clone
mod_cache..set_cache_store_private.txt-http_core..http_port.txt,64,202,No Clone
mod_cache..set_cache_store_private.txt-mod_file_cache..file_cache_post_config.txt,61,203,No Clone
mod_cache..set_cache_store_private.txt-mod_cache..set_cache_factor.txt,42,204,Type 1
mod_cache..set_cache_store_private.txt-mod_cache..set_cache_maxex.txt,17,205,Type 1
mod_cache..create_cache_config.txt-http_core..set_keep_alive_timeout.txt,69,206,No Clone
mod_cache..create_cache_config.txt-mod_cache..set_cache_store_nostore.txt,68,207,No Clone
mod_cache..create_cache_config.txt-http_core..ap_process_http_async_connection.txt,73,208,No Clone
mod_cache..create_cache_config.txt-mod_cache..cache_out_filter.txt,70,209,No Clone
mod_cache..create_cache_config.txt-mod_file_cache..mmap_handler.txt,83,210,No Clone
mod_cache..create_cache_config.txt-mod_cache..add_cache_disable.txt,64,211,No Clone
mod_cache..create_cache_config.txt-mod_file_cache..sendfile_handler.txt,83,212,No Clone
mod_cache..create_cache_config.txt-mod_cache..cache_remove_url_filter.txt,68,213,No Clone
mod_cache..create_cache_config.txt-mod_cache..add_ignore_session_id.txt,62,214,No Clone
mod_cache..create_cache_config.txt-http_core..http_create_request.txt,69,215,No Clone
mod_cache..create_cache_config.txt-http_core..set_keep_alive_max.txt,69,216,No Clone
mod_cache..create_cache_config.txt-http_core..set_keep_alive.txt,66,217,No Clone
mod_cache..create_cache_config.txt-mod_file_cache..cachefilemmap.txt,76,218,No Clone
mod_cache..create_cache_config.txt-mod_cache..register_hooks.txt,80,219,No Clone
mod_cache..create_cache_config.txt-mod_cache..add_ignore_header.txt,63,220,No Clone
mod_cache..create_cache_config.txt-mod_file_cache..file_cache_handler.txt,69,221,No Clone
mod_cache..create_cache_config.txt-http_core..http_port.txt,69,222,No Clone
mod_cache..create_cache_config.txt-mod_file_cache..file_cache_post_config.txt,76,223,No Clone
mod_cache..create_cache_config.txt-mod_cache..set_cache_factor.txt,63,224,No Clone
mod_cache..create_cache_config.txt-mod_cache..set_cache_maxex.txt,66,225,No Clone
mod_cache..create_cache_config.txt-mod_cache..set_cache_store_private.txt,68,226,No Clone
http_core..ap_process_http_connection.txt-http_core..set_keep_alive_timeout.txt,75,227,Type 2
http_core..ap_process_http_connection.txt-mod_cache..set_cache_store_nostore.txt,79,228,No Clone
http_core..ap_process_http_connection.txt-http_core..ap_process_http_async_connection.txt,49,229,No Clone
http_core..ap_process_http_connection.txt-mod_cache..cache_out_filter.txt,73,230,No Clone
http_core..ap_process_http_connection.txt-mod_file_cache..mmap_handler.txt,77,231,No Clone
http_core..ap_process_http_connection.txt-mod_cache..add_cache_disable.txt,71,232,No Clone
http_core..ap_process_http_connection.txt-mod_file_cache..sendfile_handler.txt,76,233,No Clone
http_core..ap_process_http_connection.txt-mod_cache..cache_remove_url_filter.txt,70,234,No Clone
http_core..ap_process_http_connection.txt-mod_cache..add_ignore_session_id.txt,68,235,No Clone
http_core..ap_process_http_connection.txt-http_core..http_create_request.txt,68,236,No Clone
http_core..ap_process_http_connection.txt-http_core..set_keep_alive_max.txt,76,237,Type 1
http_core..ap_process_http_connection.txt-http_core..set_keep_alive.txt,69,238,Type 1
http_core..ap_process_http_connection.txt-mod_file_cache..cachefilemmap.txt,85,239,No Clone
http_core..ap_process_http_connection.txt-mod_cache..register_hooks.txt,74,240,No Clone
http_core..ap_process_http_connection.txt-mod_cache..add_ignore_header.txt,68,241,No Clone
http_core..ap_process_http_connection.txt-mod_file_cache..file_cache_handler.txt,70,242,No Clone
http_core..ap_process_http_connection.txt-http_core..http_port.txt,75,243,No Clone
http_core..ap_process_http_connection.txt-mod_file_cache..file_cache_post_config.txt,85,244,No Clone
http_core..ap_process_http_connection.txt-mod_cache..set_cache_factor.txt,73,245,No Clone
http_core..ap_process_http_connection.txt-mod_cache..set_cache_maxex.txt,78,246,No Clone
http_core..ap_process_http_connection.txt-mod_cache..set_cache_store_private.txt,79,247,No Clone
http_core..ap_process_http_connection.txt-mod_cache..create_cache_config.txt,71,248,No Clone
http_core..http_scheme.txt-http_core..set_keep_alive_timeout.txt,49,249,No Clone
http_core..http_scheme.txt-mod_cache..set_cache_store_nostore.txt,57,250,No Clone
http_core..http_scheme.txt-http_core..ap_process_http_async_connection.txt,78,251,No Clone
http_core..http_scheme.txt-mod_cache..cache_out_filter.txt,77,252,No Clone
http_core..http_scheme.txt-mod_file_cache..mmap_handler.txt,89,253,No Clone
http_core..http_scheme.txt-mod_cache..add_cache_disable.txt,59,254,No Clone
http_core..http_scheme.txt-mod_file_cache..sendfile_handler.txt,89,255,No Clone
http_core..http_scheme.txt-mod_cache..cache_remove_url_filter.txt,61,256,No Clone
http_core..http_scheme.txt-mod_cache..add_ignore_session_id.txt,66,257,No Clone
http_core..http_scheme.txt-http_core..http_create_request.txt,66,258,No Clone
http_core..http_scheme.txt-http_core..set_keep_alive_max.txt,48,259,No Clone
http_core..http_scheme.txt-http_core..set_keep_alive.txt,50,260,No Clone
http_core..http_scheme.txt-mod_file_cache..cachefilemmap.txt,61,261,No Clone
http_core..http_scheme.txt-mod_cache..register_hooks.txt,88,262,No Clone
http_core..http_scheme.txt-mod_cache..add_ignore_header.txt,65,263,No Clone
http_core..http_scheme.txt-mod_file_cache..file_cache_handler.txt,76,264,No Clone
http_core..http_scheme.txt-http_core..http_port.txt,16,265,No Clone
http_core..http_scheme.txt-mod_file_cache..file_cache_post_config.txt,66,266,No Clone
http_core..http_scheme.txt-mod_cache..set_cache_factor.txt,53,267,No Clone
http_core..http_scheme.txt-mod_cache..set_cache_maxex.txt,54,268,No Clone
http_core..http_scheme.txt-mod_cache..set_cache_store_private.txt,57,269,No Clone
http_core..http_scheme.txt-mod_cache..create_cache_config.txt,70,270,No Clone
http_core..http_scheme.txt-http_core..ap_process_http_connection.txt,77,271,No Clone
mod_file_cache..register_hooks.txt-http_core..set_keep_alive_timeout.txt,66,272,No Clone
mod_file_cache..register_hooks.txt-mod_cache..set_cache_store_nostore.txt,67,273,No Clone
mod_file_cache..register_hooks.txt-http_core..ap_process_http_async_connection.txt,74,274,No Clone
mod_file_cache..register_hooks.txt-mod_cache..cache_out_filter.txt,72,275,No Clone
mod_file_cache..register_hooks.txt-mod_file_cache..mmap_handler.txt,82,276,No Clone
mod_file_cache..register_hooks.txt-mod_cache..add_cache_disable.txt,65,277,No Clone
mod_file_cache..register_hooks.txt-mod_file_cache..sendfile_handler.txt,82,278,No Clone
mod_file_cache..register_hooks.txt-mod_cache..cache_remove_url_filter.txt,73,279,No Clone
mod_file_cache..register_hooks.txt-mod_cache..add_ignore_session_id.txt,68,280,No Clone
mod_file_cache..register_hooks.txt-http_core..http_create_request.txt,66,281,No Clone
mod_file_cache..register_hooks.txt-http_core..set_keep_alive_max.txt,67,282,No Clone
mod_file_cache..register_hooks.txt-http_core..set_keep_alive.txt,70,283,No Clone
mod_file_cache..register_hooks.txt-mod_file_cache..cachefilemmap.txt,69,284,No Clone
mod_file_cache..register_hooks.txt-mod_cache..register_hooks.txt,72,285,No Clone
mod_file_cache..register_hooks.txt-mod_cache..add_ignore_header.txt,67,286,No Clone
mod_file_cache..register_hooks.txt-mod_file_cache..file_cache_handler.txt,71,287,No Clone
mod_file_cache..register_hooks.txt-http_core..http_port.txt,72,288,No Clone
mod_file_cache..register_hooks.txt-mod_file_cache..file_cache_post_config.txt,73,289,No Clone
mod_file_cache..register_hooks.txt-mod_cache..set_cache_factor.txt,64,290,No Clone
mod_file_cache..register_hooks.txt-mod_cache..set_cache_maxex.txt,67,291,No Clone
mod_file_cache..register_hooks.txt-mod_cache..set_cache_store_private.txt,67,292,No Clone
mod_file_cache..register_hooks.txt-mod_cache..create_cache_config.txt,70,293,No Clone
mod_file_cache..register_hooks.txt-http_core..ap_process_http_connection.txt,71,294,No Clone
mod_file_cache..register_hooks.txt-http_core..http_scheme.txt,73,295,No Clone
mod_cache..set_cache_ignore_cachecontrol.txt-http_core..set_keep_alive_timeout.txt,49,296,No Clone
mod_cache..set_cache_ignore_cachecontrol.txt-mod_cache..set_cache_store_nostore.txt,6,297,Type 1
mod_cache..set_cache_ignore_cachecontrol.txt-http_core..ap_process_http_async_connection.txt,82,298,No Clone
mod_cache..set_cache_ignore_cachecontrol.txt-mod_cache..cache_out_filter.txt,78,299,No Clone
mod_cache..set_cache_ignore_cachecontrol.txt-mod_file_cache..mmap_handler.txt,88,300,No Clone
mod_cache..set_cache_ignore_cachecontrol.txt-mod_cache..add_cache_disable.txt,54,301,Type 1
mod_cache..set_cache_ignore_cachecontrol.txt-mod_file_cache..sendfile_handler.txt,88,302,No Clone
mod_cache..set_cache_ignore_cachecontrol.txt-mod_cache..cache_remove_url_filter.txt,69,303,No Clone
mod_cache..set_cache_ignore_cachecontrol.txt-mod_cache..add_ignore_session_id.txt,60,304,Type 1
mod_cache..set_cache_ignore_cachecontrol.txt-http_core..http_create_request.txt,73,305,No Clone
mod_cache..set_cache_ignore_cachecontrol.txt-http_core..set_keep_alive_max.txt,49,306,No Clone
mod_cache..set_cache_ignore_cachecontrol.txt-http_core..set_keep_alive.txt,59,307,No Clone
mod_cache..set_cache_ignore_cachecontrol.txt-mod_file_cache..cachefilemmap.txt,47,308,No Clone
mod_cache..set_cache_ignore_cachecontrol.txt-mod_cache..register_hooks.txt,86,309,No Clone
mod_cache..set_cache_ignore_cachecontrol.txt-mod_cache..add_ignore_header.txt,59,310,Type 1
mod_cache..set_cache_ignore_cachecontrol.txt-mod_file_cache..file_cache_handler.txt,79,311,No Clone
mod_cache..set_cache_ignore_cachecontrol.txt-http_core..http_port.txt,65,312,No Clone
mod_cache..set_cache_ignore_cachecontrol.txt-mod_file_cache..file_cache_post_config.txt,61,313,No Clone
mod_cache..set_cache_ignore_cachecontrol.txt-mod_cache..set_cache_factor.txt,43,314,Type 1
mod_cache..set_cache_ignore_cachecontrol.txt-mod_cache..set_cache_maxex.txt,20,315,Type 1
mod_cache..set_cache_ignore_cachecontrol.txt-mod_cache..set_cache_store_private.txt,6,316,Type 1
mod_cache..set_cache_ignore_cachecontrol.txt-mod_cache..create_cache_config.txt,69,317,No Clone
mod_cache..set_cache_ignore_cachecontrol.txt-http_core..ap_process_http_connection.txt,79,318,No Clone
mod_cache..set_cache_ignore_cachecontrol.txt-http_core..http_scheme.txt,58,319,No Clone
mod_cache..set_cache_ignore_cachecontrol.txt-mod_file_cache..register_hooks.txt,66,320,No Clone
mod_cache..cache_save_filter.txt-http_core..set_keep_alive_timeout.txt,97,321,No Clone
mod_cache..cache_save_filter.txt-mod_cache..set_cache_store_nostore.txt,97,322,No Clone
mod_cache..cache_save_filter.txt-http_core..ap_process_http_async_connection.txt,92,323,No Clone
mod_cache..cache_save_filter.txt-mod_cache..cache_out_filter.txt,92,324,No Clone
mod_cache..cache_save_filter.txt-mod_file_cache..mmap_handler.txt,84,325,No Clone
mod_cache..cache_save_filter.txt-mod_cache..add_cache_disable.txt,95,326,No Clone
mod_cache..cache_save_filter.txt-mod_file_cache..sendfile_handler.txt,84,327,No Clone
mod_cache..cache_save_filter.txt-mod_cache..cache_remove_url_filter.txt,95,328,No Clone
mod_cache..cache_save_filter.txt-mod_cache..add_ignore_session_id.txt,94,329,No Clone
mod_cache..cache_save_filter.txt-http_core..http_create_request.txt,96,330,No Clone
mod_cache..cache_save_filter.txt-http_core..set_keep_alive_max.txt,97,331,No Clone
mod_cache..cache_save_filter.txt-http_core..set_keep_alive.txt,96,332,No Clone
mod_cache..cache_save_filter.txt-mod_file_cache..cachefilemmap.txt,98,333,No Clone
mod_cache..cache_save_filter.txt-mod_cache..register_hooks.txt,88,334,No Clone
mod_cache..cache_save_filter.txt-mod_cache..add_ignore_header.txt,94,335,No Clone
mod_cache..cache_save_filter.txt-mod_file_cache..file_cache_handler.txt,93,336,No Clone
mod_cache..cache_save_filter.txt-http_core..http_port.txt,97,337,No Clone
mod_cache..cache_save_filter.txt-mod_file_cache..file_cache_post_config.txt,98,338,No Clone
mod_cache..cache_save_filter.txt-mod_cache..set_cache_factor.txt,96,339,No Clone
mod_cache..cache_save_filter.txt-mod_cache..set_cache_maxex.txt,97,340,No Clone
mod_cache..cache_save_filter.txt-mod_cache..set_cache_store_private.txt,97,341,No Clone
mod_cache..cache_save_filter.txt-mod_cache..create_cache_config.txt,95,342,No Clone
mod_cache..cache_save_filter.txt-http_core..ap_process_http_connection.txt,93,343,No Clone
mod_cache..cache_save_filter.txt-http_core..http_scheme.txt,97,344,No Clone
mod_cache..cache_save_filter.txt-mod_file_cache..register_hooks.txt,96,345,No Clone
mod_cache..cache_save_filter.txt-mod_cache..set_cache_ignore_cachecontrol.txt,97,346,No Clone
mod_cache..cache_post_config.txt-http_core..set_keep_alive_timeout.txt,62,347,No Clone
mod_cache..cache_post_config.txt-mod_cache..set_cache_store_nostore.txt,57,348,No Clone
mod_cache..cache_post_config.txt-http_core..ap_process_http_async_connection.txt,80,349,No Clone
mod_cache..cache_post_config.txt-mod_cache..cache_out_filter.txt,77,350,No Clone
mod_cache..cache_post_config.txt-mod_file_cache..mmap_handler.txt,89,351,No Clone
mod_cache..cache_post_config.txt-mod_cache..add_cache_disable.txt,68,352,No Clone
mod_cache..cache_post_config.txt-mod_file_cache..sendfile_handler.txt,89,353,No Clone
mod_cache..cache_post_config.txt-mod_cache..cache_remove_url_filter.txt,64,354,No Clone
mod_cache..cache_post_config.txt-mod_cache..add_ignore_session_id.txt,71,355,No Clone
mod_cache..cache_post_config.txt-http_core..http_create_request.txt,66,356,No Clone
mod_cache..cache_post_config.txt-http_core..set_keep_alive_max.txt,61,357,No Clone
mod_cache..cache_post_config.txt-http_core..set_keep_alive.txt,66,358,No Clone
mod_cache..cache_post_config.txt-mod_file_cache..cachefilemmap.txt,56,359,No Clone
mod_cache..cache_post_config.txt-mod_cache..register_hooks.txt,87,360,No Clone
mod_cache..cache_post_config.txt-mod_cache..add_ignore_header.txt,71,361,No Clone
mod_cache..cache_post_config.txt-mod_file_cache..file_cache_handler.txt,77,362,No Clone
mod_cache..cache_post_config.txt-http_core..http_port.txt,64,363,No Clone
mod_cache..cache_post_config.txt-mod_file_cache..file_cache_post_config.txt,44,364,No Clone
mod_cache..cache_post_config.txt-mod_cache..set_cache_factor.txt,63,365,No Clone
mod_cache..cache_post_config.txt-mod_cache..set_cache_maxex.txt,59,366,No Clone
mod_cache..cache_post_config.txt-mod_cache..set_cache_store_private.txt,57,367,No Clone
mod_cache..cache_post_config.txt-mod_cache..create_cache_config.txt,69,368,No Clone
mod_cache..cache_post_config.txt-http_core..ap_process_http_connection.txt,78,369,No Clone
mod_cache..cache_post_config.txt-http_core..http_scheme.txt,64,370,No Clone
mod_cache..cache_post_config.txt-mod_file_cache..register_hooks.txt,70,371,No Clone
mod_cache..cache_post_config.txt-mod_cache..set_cache_ignore_cachecontrol.txt,57,372,No Clone
mod_cache..cache_post_config.txt-mod_cache..cache_save_filter.txt,97,373,No Clone
mod_file_cache..create_server_config.txt-http_core..set_keep_alive_timeout.txt,60,374,No Clone
mod_file_cache..create_server_config.txt-mod_cache..set_cache_store_nostore.txt,50,375,No Clone
mod_file_cache..create_server_config.txt-http_core..ap_process_http_async_connection.txt,84,376,No Clone
mod_file_cache..create_server_config.txt-mod_cache..cache_out_filter.txt,81,377,No Clone
mod_file_cache..create_server_config.txt-mod_file_cache..mmap_handler.txt,91,378,No Clone
mod_file_cache..create_server_config.txt-mod_cache..add_cache_disable.txt,70,379,No Clone
mod_file_cache..create_server_config.txt-mod_file_cache..sendfile_handler.txt,90,380,No Clone
mod_file_cache..create_server_config.txt-mod_cache..cache_remove_url_filter.txt,68,381,No Clone
mod_file_cache..create_server_config.txt-mod_cache..add_ignore_session_id.txt,73,382,No Clone
mod_file_cache..create_server_config.txt-http_core..http_create_request.txt,72,383,No Clone
mod_file_cache..create_server_config.txt-http_core..set_keep_alive_max.txt,57,384,No Clone
mod_file_cache..create_server_config.txt-http_core..set_keep_alive.txt,69,385,No Clone
mod_file_cache..create_server_config.txt-mod_file_cache..cachefilemmap.txt,51,386,No Clone
mod_file_cache..create_server_config.txt-mod_cache..register_hooks.txt,88,387,No Clone
mod_file_cache..create_server_config.txt-mod_cache..add_ignore_header.txt,74,388,No Clone
mod_file_cache..create_server_config.txt-mod_file_cache..file_cache_handler.txt,81,389,No Clone
mod_file_cache..create_server_config.txt-http_core..http_port.txt,66,390,No Clone
mod_file_cache..create_server_config.txt-mod_file_cache..file_cache_post_config.txt,51,391,No Clone
mod_file_cache..create_server_config.txt-mod_cache..set_cache_factor.txt,66,392,No Clone
mod_file_cache..create_server_config.txt-mod_cache..set_cache_maxex.txt,54,393,No Clone
mod_file_cache..create_server_config.txt-mod_cache..set_cache_store_private.txt,50,394,No Clone
mod_file_cache..create_server_config.txt-mod_cache..create_cache_config.txt,62,395,No Clone
mod_file_cache..create_server_config.txt-http_core..ap_process_http_connection.txt,82,396,No Clone
mod_file_cache..create_server_config.txt-http_core..http_scheme.txt,64,397,No Clone
mod_file_cache..create_server_config.txt-mod_file_cache..register_hooks.txt,70,398,No Clone
mod_file_cache..create_server_config.txt-mod_cache..set_cache_ignore_cachecontrol.txt,50,399,No Clone
mod_file_cache..create_server_config.txt-mod_cache..cache_save_filter.txt,98,400,No Clone
mod_file_cache..create_server_config.txt-mod_cache..cache_post_config.txt,49,401,No Clone
http_core..http_send_options.txt-http_core..set_keep_alive_timeout.txt,56,402,No Clone
http_core..http_send_options.txt-mod_cache..set_cache_store_nostore.txt,68,403,No Clone
http_core..http_send_options.txt-http_core..ap_process_http_async_connection.txt,71,404,No Clone
http_core..http_send_options.txt-mod_cache..cache_out_filter.txt,74,405,No Clone
http_core..http_send_options.txt-mod_file_cache..mmap_handler.txt,87,406,No Clone
http_core..http_send_options.txt-mod_cache..add_cache_disable.txt,65,407,No Clone
http_core..http_send_options.txt-mod_file_cache..sendfile_handler.txt,87,408,No Clone
http_core..http_send_options.txt-mod_cache..cache_remove_url_filter.txt,62,409,No Clone
http_core..http_send_options.txt-mod_cache..add_ignore_session_id.txt,66,410,No Clone
http_core..http_send_options.txt-http_core..http_create_request.txt,59,411,No Clone
http_core..http_send_options.txt-http_core..set_keep_alive_max.txt,56,412,No Clone
http_core..http_send_options.txt-http_core..set_keep_alive.txt,54,413,No Clone
http_core..http_send_options.txt-mod_file_cache..cachefilemmap.txt,72,414,No Clone
http_core..http_send_options.txt-mod_cache..register_hooks.txt,86,415,No Clone
http_core..http_send_options.txt-mod_cache..add_ignore_header.txt,66,416,No Clone
http_core..http_send_options.txt-mod_file_cache..file_cache_handler.txt,70,417,No Clone
http_core..http_send_options.txt-http_core..http_port.txt,46,418,No Clone
http_core..http_send_options.txt-mod_file_cache..file_cache_post_config.txt,68,419,No Clone
http_core..http_send_options.txt-mod_cache..set_cache_factor.txt,61,420,No Clone
http_core..http_send_options.txt-mod_cache..set_cache_maxex.txt,68,421,No Clone
http_core..http_send_options.txt-mod_cache..set_cache_store_private.txt,68,422,No Clone
http_core..http_send_options.txt-mod_cache..create_cache_config.txt,68,423,No Clone
http_core..http_send_options.txt-http_core..ap_process_http_connection.txt,71,424,No Clone
http_core..http_send_options.txt-http_core..http_scheme.txt,45,425,No Clone
http_core..http_send_options.txt-mod_file_cache..register_hooks.txt,68,426,No Clone
http_core..http_send_options.txt-mod_cache..set_cache_ignore_cachecontrol.txt,70,427,No Clone
http_core..http_send_options.txt-mod_cache..cache_save_filter.txt,97,428,No Clone
http_core..http_send_options.txt-mod_cache..cache_post_config.txt,61,429,No Clone
http_core..http_send_options.txt-mod_file_cache..create_server_config.txt,68,430,No Clone
mod_cache..cache_url_handler.txt-http_core..set_keep_alive_timeout.txt,90,431,No Clone
mod_cache..cache_url_handler.txt-mod_cache..set_cache_store_nostore.txt,91,432,No Clone
mod_cache..cache_url_handler.txt-http_core..ap_process_http_async_connection.txt,76,433,No Clone
mod_cache..cache_url_handler.txt-mod_cache..cache_out_filter.txt,74,434,No Clone
mod_cache..cache_url_handler.txt-mod_file_cache..mmap_handler.txt,73,435,No Clone
mod_cache..cache_url_handler.txt-mod_cache..add_cache_disable.txt,85,436,No Clone
mod_cache..cache_url_handler.txt-mod_file_cache..sendfile_handler.txt,73,437,No Clone
mod_cache..cache_url_handler.txt-mod_cache..cache_remove_url_filter.txt,85,438,Type 3
mod_cache..cache_url_handler.txt-mod_cache..add_ignore_session_id.txt,83,439,No Clone
mod_cache..cache_url_handler.txt-http_core..http_create_request.txt,85,440,No Clone
mod_cache..cache_url_handler.txt-http_core..set_keep_alive_max.txt,90,441,No Clone
mod_cache..cache_url_handler.txt-http_core..set_keep_alive.txt,87,442,No Clone
mod_cache..cache_url_handler.txt-mod_file_cache..cachefilemmap.txt,94,443,No Clone
mod_cache..cache_url_handler.txt-mod_cache..register_hooks.txt,69,444,No Clone
mod_cache..cache_url_handler.txt-mod_cache..add_ignore_header.txt,82,445,No Clone
mod_cache..cache_url_handler.txt-mod_file_cache..file_cache_handler.txt,76,446,No Clone
mod_cache..cache_url_handler.txt-http_core..http_port.txt,91,447,No Clone
mod_cache..cache_url_handler.txt-mod_file_cache..file_cache_post_config.txt,94,448,No Clone
mod_cache..cache_url_handler.txt-mod_cache..set_cache_factor.txt,87,449,No Clone
mod_cache..cache_url_handler.txt-mod_cache..set_cache_maxex.txt,90,450,No Clone
mod_cache..cache_url_handler.txt-mod_cache..set_cache_store_private.txt,91,451,No Clone
mod_cache..cache_url_handler.txt-mod_cache..create_cache_config.txt,85,452,No Clone
mod_cache..cache_url_handler.txt-http_core..ap_process_http_connection.txt,78,453,No Clone
mod_cache..cache_url_handler.txt-http_core..http_scheme.txt,91,454,No Clone
mod_cache..cache_url_handler.txt-mod_file_cache..register_hooks.txt,87,455,No Clone
mod_cache..cache_url_handler.txt-mod_cache..set_cache_ignore_cachecontrol.txt,91,456,No Clone
mod_cache..cache_url_handler.txt-mod_cache..cache_save_filter.txt,80,457,No Clone
mod_cache..cache_url_handler.txt-mod_cache..cache_post_config.txt,91,458,No Clone
mod_cache..cache_url_handler.txt-mod_file_cache..create_server_config.txt,92,459,No Clone
mod_cache..cache_url_handler.txt-http_core..http_send_options.txt,90,460,No Clone
mod_cache..add_cache_enable.txt-http_core..set_keep_alive_timeout.txt,61,461,No Clone
mod_cache..add_cache_enable.txt-mod_cache..set_cache_store_nostore.txt,63,462,Type 1
mod_cache..add_cache_enable.txt-http_core..ap_process_http_async_connection.txt,69,463,No Clone
mod_cache..add_cache_enable.txt-mod_cache..cache_out_filter.txt,69,464,No Clone
mod_cache..add_cache_enable.txt-mod_file_cache..mmap_handler.txt,78,465,No Clone
mod_cache..add_cache_enable.txt-mod_cache..add_cache_disable.txt,24,466,Type 1
mod_cache..add_cache_enable.txt-mod_file_cache..sendfile_handler.txt,77,467,No Clone
mod_cache..add_cache_enable.txt-mod_cache..cache_remove_url_filter.txt,63,468,No Clone
mod_cache..add_cache_enable.txt-mod_cache..add_ignore_session_id.txt,58,469,Type 1
mod_cache..add_cache_enable.txt-http_core..http_create_request.txt,70,470,No Clone
mod_cache..add_cache_enable.txt-http_core..set_keep_alive_max.txt,63,471,No Clone
mod_cache..add_cache_enable.txt-http_core..set_keep_alive.txt,53,472,No Clone
mod_cache..add_cache_enable.txt-mod_file_cache..cachefilemmap.txt,75,473,No Clone
mod_cache..add_cache_enable.txt-mod_cache..register_hooks.txt,76,474,No Clone
mod_cache..add_cache_enable.txt-mod_cache..add_ignore_header.txt,56,475,Type 1
mod_cache..add_cache_enable.txt-mod_file_cache..file_cache_handler.txt,65,476,No Clone
mod_cache..add_cache_enable.txt-http_core..http_port.txt,69,477,No Clone
mod_cache..add_cache_enable.txt-mod_file_cache..file_cache_post_config.txt,82,478,No Clone
mod_cache..add_cache_enable.txt-mod_cache..set_cache_factor.txt,49,479,Type 1
mod_cache..add_cache_enable.txt-mod_cache..set_cache_maxex.txt,58,480,Type 1
mod_cache..add_cache_enable.txt-mod_cache..set_cache_store_private.txt,63,481,Type 1
mod_cache..add_cache_enable.txt-mod_cache..create_cache_config.txt,66,482,No Clone
mod_cache..add_cache_enable.txt-http_core..ap_process_http_connection.txt,71,483,No Clone
mod_cache..add_cache_enable.txt-http_core..http_scheme.txt,67,484,No Clone
mod_cache..add_cache_enable.txt-mod_file_cache..register_hooks.txt,67,485,No Clone
mod_cache..add_cache_enable.txt-mod_cache..set_cache_ignore_cachecontrol.txt,64,486,Type 1
mod_cache..add_cache_enable.txt-mod_cache..cache_save_filter.txt,94,487,No Clone
mod_cache..add_cache_enable.txt-mod_cache..cache_post_config.txt,72,488,No Clone
mod_cache..add_cache_enable.txt-mod_file_cache..create_server_config.txt,75,489,No Clone
mod_cache..add_cache_enable.txt-http_core..http_send_options.txt,69,490,No Clone
mod_cache..add_cache_enable.txt-mod_cache..cache_url_handler.txt,82,491,No Clone
mod_file_cache..cachefilehandle.txt-http_core..set_keep_alive_timeout.txt,52,492,No Clone
mod_file_cache..cachefilehandle.txt-mod_cache..set_cache_store_nostore.txt,46,493,No Clone
mod_file_cache..cachefilehandle.txt-http_core..ap_process_http_async_connection.txt,85,494,No Clone
mod_file_cache..cachefilehandle.txt-mod_cache..cache_out_filter.txt,83,495,Type 3
mod_file_cache..cachefilehandle.txt-mod_file_cache..mmap_handler.txt,91,496,No Clone
mod_file_cache..cachefilehandle.txt-mod_cache..add_cache_disable.txt,67,497,No Clone
mod_file_cache..cachefilehandle.txt-mod_file_cache..sendfile_handler.txt,91,498,No Clone
mod_file_cache..cachefilehandle.txt-mod_cache..cache_remove_url_filter.txt,74,499,Type 3
mod_file_cache..cachefilehandle.txt-mod_cache..add_ignore_session_id.txt,73,500,No Clone
mod_file_cache..cachefilehandle.txt-http_core..http_create_request.txt,75,501,No Clone
mod_file_cache..cachefilehandle.txt-http_core..set_keep_alive_max.txt,48,502,No Clone
mod_file_cache..cachefilehandle.txt-http_core..set_keep_alive.txt,63,503,No Clone
mod_file_cache..cachefilehandle.txt-mod_file_cache..cachefilemmap.txt,4,504,Type 3
mod_file_cache..cachefilehandle.txt-mod_cache..register_hooks.txt,88,505,No Clone
mod_file_cache..cachefilehandle.txt-mod_cache..add_ignore_header.txt,73,506,No Clone
mod_file_cache..cachefilehandle.txt-mod_file_cache..file_cache_handler.txt,83,507,No Clone
mod_file_cache..cachefilehandle.txt-http_core..http_port.txt,71,508,No Clone
mod_file_cache..cachefilehandle.txt-mod_file_cache..file_cache_post_config.txt,53,509,No Clone
mod_file_cache..cachefilehandle.txt-mod_cache..set_cache_factor.txt,62,510,No Clone
mod_file_cache..cachefilehandle.txt-mod_cache..set_cache_maxex.txt,47,511,No Clone
mod_file_cache..cachefilehandle.txt-mod_cache..set_cache_store_private.txt,46,512,No Clone
mod_file_cache..cachefilehandle.txt-mod_cache..create_cache_config.txt,76,513,No Clone
mod_file_cache..cachefilehandle.txt-http_core..ap_process_http_connection.txt,85,514,No Clone
mod_file_cache..cachefilehandle.txt-http_core..http_scheme.txt,62,515,No Clone
mod_file_cache..cachefilehandle.txt-mod_file_cache..register_hooks.txt,68,516,No Clone
mod_file_cache..cachefilehandle.txt-mod_cache..set_cache_ignore_cachecontrol.txt,46,517,No Clone
mod_file_cache..cachefilehandle.txt-mod_cache..cache_save_filter.txt,98,518,Type 3
mod_file_cache..cachefilehandle.txt-mod_cache..cache_post_config.txt,55,519,No Clone
mod_file_cache..cachefilehandle.txt-mod_file_cache..create_server_config.txt,51,520,No Clone
mod_file_cache..cachefilehandle.txt-http_core..http_send_options.txt,72,521,No Clone
mod_file_cache..cachefilehandle.txt-mod_cache..cache_url_handler.txt,93,522,Type 3
mod_file_cache..cachefilehandle.txt-mod_cache..add_cache_enable.txt,75,523,No Clone
mod_cache..set_cache_ignore_no_last_mod.txt-http_core..set_keep_alive_timeout.txt,49,524,No Clone
mod_cache..set_cache_ignore_no_last_mod.txt-mod_cache..set_cache_store_nostore.txt,4,525,Type 1
mod_cache..set_cache_ignore_no_last_mod.txt-http_core..ap_process_http_async_connection.txt,82,526,No Clone
mod_cache..set_cache_ignore_no_last_mod.txt-mod_cache..cache_out_filter.txt,78,527,No Clone
mod_cache..set_cache_ignore_no_last_mod.txt-mod_file_cache..mmap_handler.txt,88,528,No Clone
mod_cache..set_cache_ignore_no_last_mod.txt-mod_cache..add_cache_disable.txt,54,529,Type 1
mod_cache..set_cache_ignore_no_last_mod.txt-mod_file_cache..sendfile_handler.txt,88,530,No Clone
mod_cache..set_cache_ignore_no_last_mod.txt-mod_cache..cache_remove_url_filter.txt,68,531,No Clone
mod_cache..set_cache_ignore_no_last_mod.txt-mod_cache..add_ignore_session_id.txt,60,532,Type 1
mod_cache..set_cache_ignore_no_last_mod.txt-http_core..http_create_request.txt,73,533,No Clone
mod_cache..set_cache_ignore_no_last_mod.txt-http_core..set_keep_alive_max.txt,48,534,No Clone
mod_cache..set_cache_ignore_no_last_mod.txt-http_core..set_keep_alive.txt,58,535,No Clone
mod_cache..set_cache_ignore_no_last_mod.txt-mod_file_cache..cachefilemmap.txt,47,536,No Clone
mod_cache..set_cache_ignore_no_last_mod.txt-mod_cache..register_hooks.txt,86,537,No Clone
mod_cache..set_cache_ignore_no_last_mod.txt-mod_cache..add_ignore_header.txt,59,538,Type 1
mod_cache..set_cache_ignore_no_last_mod.txt-mod_file_cache..file_cache_handler.txt,79,539,No Clone
mod_cache..set_cache_ignore_no_last_mod.txt-http_core..http_port.txt,65,540,No Clone
mod_cache..set_cache_ignore_no_last_mod.txt-mod_file_cache..file_cache_post_config.txt,61,541,No Clone
mod_cache..set_cache_ignore_no_last_mod.txt-mod_cache..set_cache_factor.txt,43,542,Type 1
mod_cache..set_cache_ignore_no_last_mod.txt-mod_cache..set_cache_maxex.txt,20,543,Type 1
mod_cache..set_cache_ignore_no_last_mod.txt-mod_cache..set_cache_store_private.txt,5,544,Type 1
mod_cache..set_cache_ignore_no_last_mod.txt-mod_cache..create_cache_config.txt,69,545,No Clone
mod_cache..set_cache_ignore_no_last_mod.txt-http_core..ap_process_http_connection.txt,78,546,No Clone
mod_cache..set_cache_ignore_no_last_mod.txt-http_core..http_scheme.txt,58,547,No Clone
mod_cache..set_cache_ignore_no_last_mod.txt-mod_file_cache..register_hooks.txt,66,548,No Clone
mod_cache..set_cache_ignore_no_last_mod.txt-mod_cache..set_cache_ignore_cachecontrol.txt,5,549,Type 1
mod_cache..set_cache_ignore_no_last_mod.txt-mod_cache..cache_save_filter.txt,97,550,No Clone
mod_cache..set_cache_ignore_no_last_mod.txt-mod_cache..cache_post_config.txt,57,551,No Clone
mod_cache..set_cache_ignore_no_last_mod.txt-mod_file_cache..create_server_config.txt,51,552,No Clone
mod_cache..set_cache_ignore_no_last_mod.txt-http_core..http_send_options.txt,70,553,No Clone
mod_cache..set_cache_ignore_no_last_mod.txt-mod_cache..cache_url_handler.txt,91,554,No Clone
mod_cache..set_cache_ignore_no_last_mod.txt-mod_cache..add_cache_enable.txt,64,555,No Clone
mod_cache..set_cache_ignore_no_last_mod.txt-mod_file_cache..cachefilehandle.txt,46,556,No Clone
mod_file_cache..file_cache_xlat.txt-http_core..set_keep_alive_timeout.txt,66,557,No Clone
mod_file_cache..file_cache_xlat.txt-mod_cache..set_cache_store_nostore.txt,67,558,No Clone
mod_file_cache..file_cache_xlat.txt-http_core..ap_process_http_async_connection.txt,64,559,No Clone
mod_file_cache..file_cache_xlat.txt-mod_cache..cache_out_filter.txt,62,560,No Clone
mod_file_cache..file_cache_xlat.txt-mod_file_cache..mmap_handler.txt,80,561,No Clone
mod_file_cache..file_cache_xlat.txt-mod_cache..add_cache_disable.txt,53,562,Type 4
mod_file_cache..file_cache_xlat.txt-mod_file_cache..sendfile_handler.txt,79,563,No Clone
mod_file_cache..file_cache_xlat.txt-mod_cache..cache_remove_url_filter.txt,63,564,No Clone
mod_file_cache..file_cache_xlat.txt-mod_cache..add_ignore_session_id.txt,57,565,No Clone
mod_file_cache..file_cache_xlat.txt-http_core..http_create_request.txt,66,566,No Clone
mod_file_cache..file_cache_xlat.txt-http_core..set_keep_alive_max.txt,67,567,No Clone
mod_file_cache..file_cache_xlat.txt-http_core..set_keep_alive.txt,60,568,No Clone
mod_file_cache..file_cache_xlat.txt-mod_file_cache..cachefilemmap.txt,77,569,No Clone
mod_file_cache..file_cache_xlat.txt-mod_cache..register_hooks.txt,79,570,No Clone
mod_file_cache..file_cache_xlat.txt-mod_cache..add_ignore_header.txt,57,571,Type 4
mod_file_cache..file_cache_xlat.txt-mod_file_cache..file_cache_handler.txt,57,572,No Clone
mod_file_cache..file_cache_xlat.txt-http_core..http_port.txt,66,573,No Clone
mod_file_cache..file_cache_xlat.txt-mod_file_cache..file_cache_post_config.txt,78,574,No Clone
mod_file_cache..file_cache_xlat.txt-mod_cache..set_cache_factor.txt,54,575,Type 4
mod_file_cache..file_cache_xlat.txt-mod_cache..set_cache_maxex.txt,63,576,Type 4
mod_file_cache..file_cache_xlat.txt-mod_cache..set_cache_store_private.txt,67,577,Type 4
mod_file_cache..file_cache_xlat.txt-mod_cache..create_cache_config.txt,67,578,No Clone
mod_file_cache..file_cache_xlat.txt-http_core..ap_process_http_connection.txt,62,579,No Clone
mod_file_cache..file_cache_xlat.txt-http_core..http_scheme.txt,66,580,No Clone
mod_file_cache..file_cache_xlat.txt-mod_file_cache..register_hooks.txt,68,581,No Clone
mod_file_cache..file_cache_xlat.txt-mod_cache..set_cache_ignore_cachecontrol.txt,68,582,Type 4
mod_file_cache..file_cache_xlat.txt-mod_cache..cache_save_filter.txt,95,583,No Clone
mod_file_cache..file_cache_xlat.txt-mod_cache..cache_post_config.txt,72,584,No Clone
mod_file_cache..file_cache_xlat.txt-mod_file_cache..create_server_config.txt,73,585,Type 3
mod_file_cache..file_cache_xlat.txt-http_core..http_send_options.txt,62,586,No Clone
mod_file_cache..file_cache_xlat.txt-mod_cache..cache_url_handler.txt,81,587,No Clone
mod_file_cache..file_cache_xlat.txt-mod_cache..add_cache_enable.txt,64,588,No Clone
mod_file_cache..file_cache_xlat.txt-mod_file_cache..cachefilehandle.txt,77,589,No Clone
mod_file_cache..file_cache_xlat.txt-mod_cache..set_cache_ignore_no_last_mod.txt,68,590,Type 4
mod_cache..set_cache_ignore_querystring.txt-http_core..set_keep_alive_timeout.txt,49,591,No Clone
mod_cache..set_cache_ignore_querystring.txt-mod_cache..set_cache_store_nostore.txt,5,592,Type 3
mod_cache..set_cache_ignore_querystring.txt-http_core..ap_process_http_async_connection.txt,82,593,No Clone
mod_cache..set_cache_ignore_querystring.txt-mod_cache..cache_out_filter.txt,78,594,No Clone
mod_cache..set_cache_ignore_querystring.txt-mod_file_cache..mmap_handler.txt,88,595,No Clone
mod_cache..set_cache_ignore_querystring.txt-mod_cache..add_cache_disable.txt,54,596,Type 4
mod_cache..set_cache_ignore_querystring.txt-mod_file_cache..sendfile_handler.txt,88,597,No Clone
mod_cache..set_cache_ignore_querystring.txt-mod_cache..cache_remove_url_filter.txt,68,598,No Clone
mod_cache..set_cache_ignore_querystring.txt-mod_cache..add_ignore_session_id.txt,60,599,Type 1
mod_cache..set_cache_ignore_querystring.txt-http_core..http_create_request.txt,72,600,No Clone
mod_cache..set_cache_ignore_querystring.txt-http_core..set_keep_alive_max.txt,49,601,No Clone
mod_cache..set_cache_ignore_querystring.txt-http_core..set_keep_alive.txt,58,602,Type 1
mod_cache..set_cache_ignore_querystring.txt-mod_file_cache..cachefilemmap.txt,47,603,No Clone
mod_cache..set_cache_ignore_querystring.txt-mod_cache..register_hooks.txt,86,604,No Clone
mod_cache..set_cache_ignore_querystring.txt-mod_cache..add_ignore_header.txt,59,605,Type 1
mod_cache..set_cache_ignore_querystring.txt-mod_file_cache..file_cache_handler.txt,79,606,No Clone
mod_cache..set_cache_ignore_querystring.txt-http_core..http_port.txt,65,607,No Clone
mod_cache..set_cache_ignore_querystring.txt-mod_file_cache..file_cache_post_config.txt,61,608,No Clone
mod_cache..set_cache_ignore_querystring.txt-mod_cache..set_cache_factor.txt,43,609,Type 1
mod_cache..set_cache_ignore_querystring.txt-mod_cache..set_cache_maxex.txt,20,610,Type 1
mod_cache..set_cache_ignore_querystring.txt-mod_cache..set_cache_store_private.txt,6,611,Type 1
mod_cache..set_cache_ignore_querystring.txt-mod_cache..create_cache_config.txt,69,612,No Clone
mod_cache..set_cache_ignore_querystring.txt-http_core..ap_process_http_connection.txt,79,613,No Clone
mod_cache..set_cache_ignore_querystring.txt-http_core..http_scheme.txt,57,614,No Clone
mod_cache..set_cache_ignore_querystring.txt-mod_file_cache..register_hooks.txt,67,615,No Clone
mod_cache..set_cache_ignore_querystring.txt-mod_cache..set_cache_ignore_cachecontrol.txt,4,616,Type 1
mod_cache..set_cache_ignore_querystring.txt-mod_cache..cache_save_filter.txt,97,617,No Clone
mod_cache..set_cache_ignore_querystring.txt-mod_cache..cache_post_config.txt,57,618,No Clone
mod_cache..set_cache_ignore_querystring.txt-mod_file_cache..create_server_config.txt,50,619,No Clone
mod_cache..set_cache_ignore_querystring.txt-http_core..http_send_options.txt,70,620,No Clone
mod_cache..set_cache_ignore_querystring.txt-mod_cache..cache_url_handler.txt,91,621,No Clone
mod_cache..set_cache_ignore_querystring.txt-mod_cache..add_cache_enable.txt,64,622,Type 1
mod_cache..set_cache_ignore_querystring.txt-mod_file_cache..cachefilehandle.txt,47,623,No Clone
mod_cache..set_cache_ignore_querystring.txt-mod_cache..set_cache_ignore_no_last_mod.txt,4,624,Type 1
mod_cache..set_cache_ignore_querystring.txt-mod_file_cache..file_cache_xlat.txt,68,625,No Clone
http_core..register_hooks.txt-http_core..set_keep_alive_timeout.txt,88,626,No Clone
http_core..register_hooks.txt-mod_cache..set_cache_store_nostore.txt,90,627,No Clone
http_core..register_hooks.txt-http_core..ap_process_http_async_connection.txt,75,628,No Clone
http_core..register_hooks.txt-mod_cache..cache_out_filter.txt,80,629,No Clone
http_core..register_hooks.txt-mod_file_cache..mmap_handler.txt,75,630,No Clone
http_core..register_hooks.txt-mod_cache..add_cache_disable.txt,85,631,No Clone
http_core..register_hooks.txt-mod_file_cache..sendfile_handler.txt,74,632,No Clone
http_core..register_hooks.txt-mod_cache..cache_remove_url_filter.txt,86,633,No Clone
http_core..register_hooks.txt-mod_cache..add_ignore_session_id.txt,82,634,No Clone
http_core..register_hooks.txt-http_core..http_create_request.txt,84,635,No Clone
http_core..register_hooks.txt-http_core..set_keep_alive_max.txt,89,636,No Clone
http_core..register_hooks.txt-http_core..set_keep_alive.txt,86,637,No Clone
http_core..register_hooks.txt-mod_file_cache..cachefilemmap.txt,92,638,No Clone
http_core..register_hooks.txt-mod_cache..register_hooks.txt,47,639,No Clone
http_core..register_hooks.txt-mod_cache..add_ignore_header.txt,82,640,No Clone
http_core..register_hooks.txt-mod_file_cache..file_cache_handler.txt,81,641,No Clone
http_core..register_hooks.txt-http_core..http_port.txt,91,642,No Clone
http_core..register_hooks.txt-mod_file_cache..file_cache_post_config.txt,93,643,No Clone
http_core..register_hooks.txt-mod_cache..set_cache_factor.txt,86,644,No Clone
http_core..register_hooks.txt-mod_cache..set_cache_maxex.txt,89,645,No Clone
http_core..register_hooks.txt-mod_cache..set_cache_store_private.txt,90,646,No Clone
http_core..register_hooks.txt-mod_cache..create_cache_config.txt,85,647,No Clone
http_core..register_hooks.txt-http_core..ap_process_http_connection.txt,79,648,No Clone
http_core..register_hooks.txt-http_core..http_scheme.txt,90,649,No Clone
http_core..register_hooks.txt-mod_file_cache..register_hooks.txt,81,650,No Clone
http_core..register_hooks.txt-mod_cache..set_cache_ignore_cachecontrol.txt,90,651,No Clone
http_core..register_hooks.txt-mod_cache..cache_save_filter.txt,84,652,No Clone
http_core..register_hooks.txt-mod_cache..cache_post_config.txt,91,653,No Clone
http_core..register_hooks.txt-mod_file_cache..create_server_config.txt,92,654,No Clone
http_core..register_hooks.txt-http_core..http_send_options.txt,89,655,No Clone
http_core..register_hooks.txt-mod_cache..cache_url_handler.txt,70,656,No Clone
http_core..register_hooks.txt-mod_cache..add_cache_enable.txt,81,657,No Clone
http_core..register_hooks.txt-mod_file_cache..cachefilehandle.txt,92,658,No Clone
http_core..register_hooks.txt-mod_cache..set_cache_ignore_no_last_mod.txt,90,659,No Clone
http_core..register_hooks.txt-mod_file_cache..file_cache_xlat.txt,84,660,No Clone
http_core..register_hooks.txt-mod_cache..set_cache_ignore_querystring.txt,90,661,No Clone
mod_cache..merge_cache_config.txt-http_core..set_keep_alive_timeout.txt,83,662,No Clone
mod_cache..merge_cache_config.txt-mod_cache..set_cache_store_nostore.txt,85,663,No Clone
mod_cache..merge_cache_config.txt-http_core..ap_process_http_async_connection.txt,67,664,No Clone
mod_cache..merge_cache_config.txt-mod_cache..cache_out_filter.txt,70,665,No Clone
mod_cache..merge_cache_config.txt-mod_file_cache..mmap_handler.txt,76,666,No Clone
mod_cache..merge_cache_config.txt-mod_cache..add_cache_disable.txt,76,667,No Clone
mod_cache..merge_cache_config.txt-mod_file_cache..sendfile_handler.txt,75,668,No Clone
mod_cache..merge_cache_config.txt-mod_cache..cache_remove_url_filter.txt,78,669,No Clone
mod_cache..merge_cache_config.txt-mod_cache..add_ignore_session_id.txt,70,670,No Clone
mod_cache..merge_cache_config.txt-http_core..http_create_request.txt,78,671,No Clone
mod_cache..merge_cache_config.txt-http_core..set_keep_alive_max.txt,84,672,No Clone
mod_cache..merge_cache_config.txt-http_core..set_keep_alive.txt,78,673,No Clone
mod_cache..merge_cache_config.txt-mod_file_cache..cachefilemmap.txt,89,674,No Clone
mod_cache..merge_cache_config.txt-mod_cache..register_hooks.txt,72,675,No Clone
mod_cache..merge_cache_config.txt-mod_cache..add_ignore_header.txt,70,676,No Clone
mod_cache..merge_cache_config.txt-mod_file_cache..file_cache_handler.txt,69,677,No Clone
mod_cache..merge_cache_config.txt-http_core..http_port.txt,84,678,No Clone
mod_cache..merge_cache_config.txt-mod_file_cache..file_cache_post_config.txt,90,679,No Clone
mod_cache..merge_cache_config.txt-mod_cache..set_cache_factor.txt,77,680,No Clone
mod_cache..merge_cache_config.txt-mod_cache..set_cache_maxex.txt,83,681,No Clone
mod_cache..merge_cache_config.txt-mod_cache..set_cache_store_private.txt,85,682,No Clone
mod_cache..merge_cache_config.txt-mod_cache..create_cache_config.txt,69,683,No Clone
mod_cache..merge_cache_config.txt-http_core..ap_process_http_connection.txt,69,684,No Clone
mod_cache..merge_cache_config.txt-http_core..http_scheme.txt,84,685,No Clone
mod_cache..merge_cache_config.txt-mod_file_cache..register_hooks.txt,78,686,No Clone
mod_cache..merge_cache_config.txt-mod_cache..set_cache_ignore_cachecontrol.txt,85,687,No Clone
mod_cache..merge_cache_config.txt-mod_cache..cache_save_filter.txt,89,688,No Clone
mod_cache..merge_cache_config.txt-mod_cache..cache_post_config.txt,85,689,No Clone
mod_cache..merge_cache_config.txt-mod_file_cache..create_server_config.txt,86,690,No Clone
mod_cache..merge_cache_config.txt-http_core..http_send_options.txt,82,691,No Clone
mod_cache..merge_cache_config.txt-mod_cache..cache_url_handler.txt,71,692,No Clone
mod_cache..merge_cache_config.txt-mod_cache..add_cache_enable.txt,73,693,No Clone
mod_cache..merge_cache_config.txt-mod_file_cache..cachefilehandle.txt,89,694,No Clone
mod_cache..merge_cache_config.txt-mod_cache..set_cache_ignore_no_last_mod.txt,85,695,No Clone
mod_cache..merge_cache_config.txt-mod_file_cache..file_cache_xlat.txt,72,696,No Clone
mod_cache..merge_cache_config.txt-mod_cache..set_cache_ignore_querystring.txt,85,697,No Clone
mod_cache..merge_cache_config.txt-http_core..register_hooks.txt,74,698,No Clone
mod_cache..set_cache_defex.txt-http_core..set_keep_alive_timeout.txt,43,699,No Clone
mod_cache..set_cache_defex.txt-mod_cache..set_cache_store_nostore.txt,17,700,Type 1
mod_cache..set_cache_defex.txt-http_core..ap_process_http_async_connection.txt,81,701,No Clone
mod_cache..set_cache_defex.txt-mod_cache..cache_out_filter.txt,76,702,No Clone
mod_cache..set_cache_defex.txt-mod_file_cache..mmap_handler.txt,88,703,No Clone
mod_cache..set_cache_defex.txt-mod_cache..add_cache_disable.txt,45,704,No Clone
mod_cache..set_cache_defex.txt-mod_file_cache..sendfile_handler.txt,88,705,No Clone
mod_cache..set_cache_defex.txt-mod_cache..cache_remove_url_filter.txt,67,706,No Clone
mod_cache..set_cache_defex.txt-mod_cache..add_ignore_session_id.txt,55,707,Type 1
mod_cache..set_cache_defex.txt-http_core..http_create_request.txt,71,708,No Clone
mod_cache..set_cache_defex.txt-http_core..set_keep_alive_max.txt,46,709,No Clone
mod_cache..set_cache_defex.txt-http_core..set_keep_alive.txt,51,710,No Clone
mod_cache..set_cache_defex.txt-mod_file_cache..cachefilemmap.txt,46,711,No Clone
mod_cache..set_cache_defex.txt-mod_cache..register_hooks.txt,85,712,No Clone
mod_cache..set_cache_defex.txt-mod_cache..add_ignore_header.txt,53,713,Type 1
mod_cache..set_cache_defex.txt-mod_file_cache..file_cache_handler.txt,76,714,No Clone
mod_cache..set_cache_defex.txt-http_core..http_port.txt,61,715,No Clone
mod_cache..set_cache_defex.txt-mod_file_cache..file_cache_post_config.txt,65,716,No Clone
mod_cache..set_cache_defex.txt-mod_cache..set_cache_factor.txt,33,717,Type 1
mod_cache..set_cache_defex.txt-mod_cache..set_cache_maxex.txt,1,718,Type 1
mod_cache..set_cache_defex.txt-mod_cache..set_cache_store_private.txt,17,719,Type 1
mod_cache..set_cache_defex.txt-mod_cache..create_cache_config.txt,66,720,No Clone
mod_cache..set_cache_defex.txt-http_core..ap_process_http_connection.txt,78,721,No Clone
mod_cache..set_cache_defex.txt-http_core..http_scheme.txt,55,722,No Clone
mod_cache..set_cache_defex.txt-mod_file_cache..register_hooks.txt,67,723,No Clone
mod_cache..set_cache_defex.txt-mod_cache..set_cache_ignore_cachecontrol.txt,20,724,Type 1
mod_cache..set_cache_defex.txt-mod_cache..cache_save_filter.txt,97,725,No Clone
mod_cache..set_cache_defex.txt-mod_cache..cache_post_config.txt,59,726,No Clone
mod_cache..set_cache_defex.txt-mod_file_cache..create_server_config.txt,54,727,No Clone
mod_cache..set_cache_defex.txt-http_core..http_send_options.txt,68,728,No Clone
mod_cache..set_cache_defex.txt-mod_cache..cache_url_handler.txt,90,729,No Clone
mod_cache..set_cache_defex.txt-mod_cache..add_cache_enable.txt,58,730,No Clone
mod_cache..set_cache_defex.txt-mod_file_cache..cachefilehandle.txt,47,731,No Clone
mod_cache..set_cache_defex.txt-mod_cache..set_cache_ignore_no_last_mod.txt,20,732,Type 1
mod_cache..set_cache_defex.txt-mod_file_cache..file_cache_xlat.txt,63,733,Type 4
mod_cache..set_cache_defex.txt-mod_cache..set_cache_ignore_querystring.txt,19,734,Type 1
mod_cache..set_cache_defex.txt-http_core..register_hooks.txt,89,735,No Clone
mod_cache..set_cache_defex.txt-mod_cache..merge_cache_config.txt,83,736,No Clone
mod_file_cache..cache_the_file.txt-http_core..set_keep_alive_timeout.txt,85,737,No Clone
mod_file_cache..cache_the_file.txt-mod_cache..set_cache_store_nostore.txt,87,738,No Clone
mod_file_cache..cache_the_file.txt-http_core..ap_process_http_async_connection.txt,71,739,No Clone
mod_file_cache..cache_the_file.txt-mod_cache..cache_out_filter.txt,66,740,No Clone
mod_file_cache..cache_the_file.txt-mod_file_cache..mmap_handler.txt,78,741,No Clone
mod_file_cache..cache_the_file.txt-mod_cache..add_cache_disable.txt,79,742,No Clone
mod_file_cache..cache_the_file.txt-mod_file_cache..sendfile_handler.txt,78,743,No Clone
mod_file_cache..cache_the_file.txt-mod_cache..cache_remove_url_filter.txt,79,744,No Clone
mod_file_cache..cache_the_file.txt-mod_cache..add_ignore_session_id.txt,76,745,No Clone
mod_file_cache..cache_the_file.txt-http_core..http_create_request.txt,82,746,No Clone
mod_file_cache..cache_the_file.txt-http_core..set_keep_alive_max.txt,85,747,No Clone
mod_file_cache..cache_the_file.txt-http_core..set_keep_alive.txt,80,748,No Clone
mod_file_cache..cache_the_file.txt-mod_file_cache..cachefilemmap.txt,90,749,No Clone
mod_file_cache..cache_the_file.txt-mod_cache..register_hooks.txt,72,750,No Clone
mod_file_cache..cache_the_file.txt-mod_cache..add_ignore_header.txt,77,751,No Clone
mod_file_cache..cache_the_file.txt-mod_file_cache..file_cache_handler.txt,70,752,No Clone
mod_file_cache..cache_the_file.txt-http_core..http_port.txt,86,753,No Clone
mod_file_cache..cache_the_file.txt-mod_file_cache..file_cache_post_config.txt,91,754,No Clone
mod_file_cache..cache_the_file.txt-mod_cache..set_cache_factor.txt,81,755,No Clone
mod_file_cache..cache_the_file.txt-mod_cache..set_cache_maxex.txt,86,756,No Clone
mod_file_cache..cache_the_file.txt-mod_cache..set_cache_store_private.txt,87,757,No Clone
mod_file_cache..cache_the_file.txt-mod_cache..create_cache_config.txt,79,758,No Clone
mod_file_cache..cache_the_file.txt-http_core..ap_process_http_connection.txt,72,759,No Clone
mod_file_cache..cache_the_file.txt-http_core..http_scheme.txt,87,760,No Clone
mod_file_cache..cache_the_file.txt-mod_file_cache..register_hooks.txt,81,761,No Clone
mod_file_cache..cache_the_file.txt-mod_cache..set_cache_ignore_cachecontrol.txt,86,762,No Clone
mod_file_cache..cache_the_file.txt-mod_cache..cache_save_filter.txt,87,763,No Clone
mod_file_cache..cache_the_file.txt-mod_cache..cache_post_config.txt,88,764,No Clone
mod_file_cache..cache_the_file.txt-mod_file_cache..create_server_config.txt,89,765,No Clone
mod_file_cache..cache_the_file.txt-http_core..http_send_options.txt,86,766,No Clone
mod_file_cache..cache_the_file.txt-mod_cache..cache_url_handler.txt,61,767,No Clone
mod_file_cache..cache_the_file.txt-mod_cache..add_cache_enable.txt,75,768,No Clone
mod_file_cache..cache_the_file.txt-mod_file_cache..cachefilehandle.txt,90,769,No Clone
mod_file_cache..cache_the_file.txt-mod_cache..set_cache_ignore_no_last_mod.txt,86,770,No Clone
mod_file_cache..cache_the_file.txt-mod_file_cache..file_cache_xlat.txt,75,771,No Clone
mod_file_cache..cache_the_file.txt-mod_cache..set_cache_ignore_querystring.txt,87,772,No Clone
mod_file_cache..cache_the_file.txt-http_core..register_hooks.txt,73,773,No Clone
mod_file_cache..cache_the_file.txt-mod_cache..merge_cache_config.txt,70,774,No Clone
mod_file_cache..cache_the_file.txt-mod_cache..set_cache_defex.txt,86,775,Type 1
