fcntlmodule..fcntl_fcntl.txt-cmathmodule..c_prodi.txt,91,0,No Clone
cmathmodule..c_asin.txt-audioop..audioop_lin2lin.txt,82,1,No Clone
fpetestmodule..db0.txt-audioop..audioop_lin2lin.txt,94,2,No Clone
audioop..audioop_cross.txt-fcntlmodule..ins.txt,64,3,No Clone
cmathmodule..c_cos.txt-cmathmodule..c_prodi.txt,53,4,No Clone
cmathmodule..c_cos.txt-audioop..audioop_cross.txt,80,5,No Clone
fpetestmodule..nest2.txt-audioop..audioop_lin2lin.txt,87,6,No Clone
fpetestmodule..nest2.txt-cmathmodule..c_asin.txt,66,7,No Clone
cmathmodule..c_atan.txt-audioop..audioop_lin2lin.txt,86,8,No Clone
cmathmodule..c_atan.txt-fpetestmodule..nest2.txt,58,9,No Clone
fpectlmodule..fpe_reset.txt-fcntlmodule..ins.txt,76,10,No Clone
fpectlmodule..fpe_reset.txt-audioop..search.txt,70,11,No Clone
cmathmodule..cmath_log.txt-audioop..audioop_cross.txt,51,12,No Clone
cmathmodule..cmath_log.txt-fpectlmodule..fpe_reset.txt,89,13,No Clone
audioop..audioop_reverse.txt-fcntlmodule..ins.txt,71,14,No Clone
audioop..audioop_reverse.txt-audioop..search.txt,76,15,No Clone
audioop..audioop_tostereo.txt-cmathmodule..c_asin.txt,85,16,No Clone
audioop..audioop_tostereo.txt-fpetestmodule..nest2.txt,88,17,No Clone
cmathmodule..c_log.txt-cmathmodule..c_asin.txt,58,18,No Clone
cmathmodule..c_log.txt-fpetestmodule..nest2.txt,56,19,No Clone
audioop..audioop_mul.txt-fcntlmodule..ins.txt,74,20,No Clone
audioop..audioop_mul.txt-audioop..search.txt,79,21,No Clone
grpmodule..grp_getgrnam.txt-cmathmodule..c_prodi.txt,86,22,No Clone
grpmodule..grp_getgrnam.txt-fpectlmodule..fpe_reset.txt,83,23,No Clone
grpmodule..grp_getgrnam.txt-audioop..audioop_mul.txt,68,24,No Clone
fpetestmodule..test.txt-audioop..search.txt,77,25,No Clone
fpetestmodule..test.txt-audioop..audioop_reverse.txt,72,26,No Clone
fpectlmodule..sigfpe_handler.txt-audioop..audioop_lin2lin.txt,89,27,No Clone
fpectlmodule..sigfpe_handler.txt-fpetestmodule..nest2.txt,58,28,No Clone
fpectlmodule..sigfpe_handler.txt-audioop..audioop_tostereo.txt,91,29,No Clone
grpmodule..initgrp.txt-audioop..audioop_lin2lin.txt,80,30,No Clone
grpmodule..initgrp.txt-fpetestmodule..nest2.txt,71,31,No Clone
grpmodule..initgrp.txt-audioop..audioop_tostereo.txt,83,32,No Clone
grpmodule..initgrp.txt-fpectlmodule..sigfpe_handler.txt,74,33,No Clone
audioop..audioop_lin2alaw.txt-audioop..search.txt,73,34,No Clone
audioop..audioop_lin2alaw.txt-fpetestmodule..test.txt,73,35,No Clone
audioop..gcd.txt-audioop..audioop_cross.txt,78,36,No Clone
audioop..gcd.txt-fpectlmodule..fpe_reset.txt,64,37,No Clone
audioop..gcd.txt-audioop..audioop_mul.txt,86,38,No Clone
audioop..gcd.txt-audioop..audioop_lin2alaw.txt,81,39,No Clone
audioop..audioop_ratecv.txt-audioop..search.txt,94,40,No Clone
audioop..audioop_ratecv.txt-audioop..audioop_reverse.txt,78,41,No Clone
audioop..audioop_ratecv.txt-fpetestmodule..test.txt,88,42,No Clone
audioop..audioop_minmax.txt-cmathmodule..c_asin.txt,76,43,No Clone
audioop..audioop_minmax.txt-fpetestmodule..nest2.txt,80,44,No Clone
audioop..audioop_minmax.txt-audioop..audioop_tostereo.txt,53,45,Type 4
fcntlmodule..fcntl_lockf.txt-audioop..audioop_lin2lin.txt,58,46,No Clone
fcntlmodule..fcntl_lockf.txt-cmathmodule..c_asin.txt,77,47,No Clone
fcntlmodule..fcntl_lockf.txt-audioop..audioop_tostereo.txt,60,48,Type 2
fcntlmodule..fcntl_lockf.txt-fpectlmodule..sigfpe_handler.txt,87,49,No Clone
fcntlmodule..fcntl_ioctl.txt-fcntlmodule..ins.txt,83,50,No Clone
fcntlmodule..fcntl_ioctl.txt-audioop..audioop_reverse.txt,64,51,Type 2
fcntlmodule..fcntl_ioctl.txt-fpetestmodule..test.txt,74,52,No Clone
fcntlmodule..fcntl_ioctl.txt-audioop..audioop_ratecv.txt,72,53,No Clone
audioop..audioop_tomono.txt-audioop..audioop_cross.txt,51,54,Type 4
audioop..audioop_tomono.txt-fpectlmodule..fpe_reset.txt,92,55,No Clone
audioop..audioop_tomono.txt-fcntlmodule..fcntl_ioctl.txt,62,56,No Clone
audioop..audioop_max.txt-fcntlmodule..ins.txt,64,57,No Clone
audioop..audioop_max.txt-fpetestmodule..test.txt,75,58,No Clone
audioop..audioop_max.txt-audioop..audioop_ratecv.txt,84,59,No Clone
cmathmodule..c_log10.txt-audioop..audioop_lin2lin.txt,87,60,No Clone
cmathmodule..c_log10.txt-audioop..audioop_tostereo.txt,88,61,No Clone
cmathmodule..c_log10.txt-fpectlmodule..sigfpe_handler.txt,63,62,No Clone
cmathmodule..c_log10.txt-audioop..audioop_minmax.txt,82,63,No Clone
audioop..audioop_findmax.txt-cmathmodule..c_asin.txt,72,64,No Clone
audioop..audioop_findmax.txt-audioop..audioop_tostereo.txt,61,65,No Clone
audioop..audioop_findmax.txt-fpectlmodule..sigfpe_handler.txt,82,66,No Clone
audioop..audioop_findmax.txt-audioop..audioop_minmax.txt,41,67,Type 4
fcntlmodule..conv_descriptor.txt-fcntlmodule..ins.txt,61,68,No Clone
fcntlmodule..conv_descriptor.txt-audioop..search.txt,49,69,No Clone
fcntlmodule..conv_descriptor.txt-fpetestmodule..test.txt,82,70,No Clone
fcntlmodule..conv_descriptor.txt-audioop..audioop_ratecv.txt,95,71,No Clone
fcntlmodule..conv_descriptor.txt-audioop..audioop_max.txt,78,72,No Clone
audioop.._sum2.txt-audioop..audioop_cross.txt,71,73,No Clone
audioop.._sum2.txt-fpectlmodule..fpe_reset.txt,68,74,No Clone
audioop.._sum2.txt-audioop..audioop_lin2alaw.txt,75,75,No Clone
audioop.._sum2.txt-fcntlmodule..fcntl_ioctl.txt,89,76,No Clone
audioop..audioop_findfactor.txt-fcntlmodule..ins.txt,61,77,No Clone
audioop..audioop_findfactor.txt-audioop..audioop_reverse.txt,60,78,Type 3
audioop..audioop_findfactor.txt-fpetestmodule..test.txt,72,79,No Clone
audioop..audioop_findfactor.txt-audioop..audioop_max.txt,48,80,Unsure
audioop..audioop_adpcm2lin.txt-audioop..audioop_lin2lin.txt,40,81,Unsure
audioop..audioop_adpcm2lin.txt-fpetestmodule..nest2.txt,90,82,No Clone
audioop..audioop_adpcm2lin.txt-audioop..audioop_tostereo.txt,40,83,Type 3
audioop..audioop_adpcm2lin.txt-audioop..audioop_minmax.txt,59,84,Type 3
audioop..audioop_adpcm2lin.txt-cmathmodule..c_log10.txt,90,85,No Clone
audioop..audioop_lin2ulaw.txt-cmathmodule..c_asin.txt,76,86,No Clone
audioop..audioop_lin2ulaw.txt-audioop..audioop_tostereo.txt,46,87,Type 3
audioop..audioop_lin2ulaw.txt-fpectlmodule..sigfpe_handler.txt,85,88,No Clone
audioop..audioop_lin2ulaw.txt-audioop..audioop_adpcm2lin.txt,51,89,Type 3
fcntlmodule..all_ins.txt-fcntlmodule..ins.txt,87,90,No Clone
fcntlmodule..all_ins.txt-audioop..audioop_reverse.txt,73,91,No Clone
fcntlmodule..all_ins.txt-fpetestmodule..test.txt,82,92,No Clone
fcntlmodule..all_ins.txt-audioop..audioop_ratecv.txt,66,93,No Clone
fcntlmodule..all_ins.txt-audioop..audioop_findfactor.txt,83,94,No Clone
fpectlmodule..turnoff_sigfpe.txt-cmathmodule..c_prodi.txt,63,95,No Clone
fpectlmodule..turnoff_sigfpe.txt-audioop..audioop_cross.txt,79,96,No Clone
fpectlmodule..turnoff_sigfpe.txt-fpectlmodule..fpe_reset.txt,59,97,No Clone
fpectlmodule..turnoff_sigfpe.txt-audioop..audioop_mul.txt,85,98,No Clone
fpectlmodule..turnoff_sigfpe.txt-audioop..audioop_lin2alaw.txt,81,99,No Clone
fpectlmodule..turnoff_sigfpe.txt-fcntlmodule..fcntl_ioctl.txt,90,100,No Clone
fpectlmodule..turnoff_sigfpe.txt-fcntlmodule..conv_descriptor.txt,56,101,No Clone
fpectlmodule..turnoff_sigfpe.txt-fcntlmodule..all_ins.txt,93,102,No Clone
audioop..audioop_avgpp.txt-fcntlmodule..ins.txt,77,103,No Clone
audioop..audioop_avgpp.txt-audioop..search.txt,81,104,No Clone
audioop..audioop_avgpp.txt-audioop..audioop_reverse.txt,37,105,Type 4
audioop..audioop_avgpp.txt-fpetestmodule..test.txt,76,106,No Clone
audioop..audioop_avgpp.txt-audioop..audioop_ratecv.txt,74,107,No Clone
audioop..audioop_avgpp.txt-audioop..audioop_max.txt,45,108,Type 1
audioop..audioop_avgpp.txt-audioop..audioop_findfactor.txt,67,109,No Clone
cmathmodule..c_sin.txt-audioop..audioop_lin2lin.txt,87,110,No Clone
cmathmodule..c_sin.txt-cmathmodule..c_asin.txt,48,111,Unsure
cmathmodule..c_sin.txt-fpetestmodule..nest2.txt,56,112,No Clone
cmathmodule..c_sin.txt-audioop..audioop_tostereo.txt,89,113,No Clone
cmathmodule..c_sin.txt-fpectlmodule..sigfpe_handler.txt,61,114,No Clone
cmathmodule..c_sin.txt-audioop..audioop_minmax.txt,81,115,No Clone
cmathmodule..c_sin.txt-cmathmodule..c_log10.txt,25,116,No Clone
cmathmodule..c_sin.txt-audioop..audioop_adpcm2lin.txt,90,117,No Clone
audioop..audioop_getsample.txt-audioop..audioop_lin2lin.txt,45,118,No Clone
audioop..audioop_getsample.txt-cmathmodule..c_asin.txt,74,,
audioop..audioop_getsample.txt-fpetestmodule..nest2.txt,78,120,No Clone
audioop..audioop_getsample.txt-audioop..audioop_tostereo.txt,57,121,Type 2
audioop..audioop_getsample.txt-fpectlmodule..sigfpe_handler.txt,82,122,No Clone
audioop..audioop_getsample.txt-cmathmodule..c_log10.txt,80,123,No Clone
audioop..audioop_getsample.txt-audioop..audioop_adpcm2lin.txt,60,124,No Clone
audioop..audioop_getsample.txt-cmathmodule..c_sin.txt,80,125,No Clone
audioop..audioop_alaw2lin.txt-fcntlmodule..ins.txt,69,126,No Clone
audioop..audioop_alaw2lin.txt-audioop..search.txt,74,127,No Clone
audioop..audioop_alaw2lin.txt-fpetestmodule..test.txt,73,128,No Clone
audioop..audioop_alaw2lin.txt-audioop..audioop_ratecv.txt,81,129,No Clone
audioop..audioop_alaw2lin.txt-audioop..audioop_max.txt,39,130,Type 3
audioop..audioop_alaw2lin.txt-audioop..audioop_findfactor.txt,55,131,Type 3
audioop..audioop_alaw2lin.txt-audioop..audioop_avgpp.txt,46,132,Type 3
audioop..st_14linear2ulaw.txt-cmathmodule..c_prodi.txt,83,133,Type 3
audioop..st_14linear2ulaw.txt-audioop..audioop_cross.txt,68,134,Type 3
audioop..st_14linear2ulaw.txt-fpectlmodule..fpe_reset.txt,80,135,Type 3
audioop..st_14linear2ulaw.txt-audioop..audioop_mul.txt,73,136,Type 3
audioop..st_14linear2ulaw.txt-audioop..audioop_lin2alaw.txt,67,137,Type 3
audioop..st_14linear2ulaw.txt-fcntlmodule..fcntl_ioctl.txt,82,138,Type 3
audioop..st_14linear2ulaw.txt-fcntlmodule..conv_descriptor.txt,70,139,Type 3
audioop..st_14linear2ulaw.txt-fcntlmodule..all_ins.txt,86,140,Type 3
audioop..st_14linear2ulaw.txt-audioop..audioop_alaw2lin.txt,68,141,Type 3
audioop..audioop_rms.txt-fcntlmodule..ins.txt,65,142,No Clone
audioop..audioop_rms.txt-audioop..search.txt,68,143,No Clone
audioop..audioop_rms.txt-audioop..audioop_reverse.txt,35,144,Type 4
audioop..audioop_rms.txt-fpetestmodule..test.txt,76,145,No Clone
audioop..audioop_rms.txt-audioop..audioop_ratecv.txt,84,146,No Clone
audioop..audioop_rms.txt-audioop..audioop_findfactor.txt,49,147,Unsure
audioop..audioop_rms.txt-audioop..audioop_avgpp.txt,46,148,Type 1
fcntlmodule..initfcntl.txt-audioop..audioop_lin2lin.txt,82,149,No Clone
fcntlmodule..initfcntl.txt-cmathmodule..c_asin.txt,71,150,No Clone
fcntlmodule..initfcntl.txt-fpetestmodule..nest2.txt,69,151,No Clone
fcntlmodule..initfcntl.txt-audioop..audioop_tostereo.txt,85,152,No Clone
fcntlmodule..initfcntl.txt-fpectlmodule..sigfpe_handler.txt,70,153,No Clone
fcntlmodule..initfcntl.txt-audioop..audioop_minmax.txt,75,154,No Clone
fcntlmodule..initfcntl.txt-cmathmodule..c_log10.txt,71,155,No Clone
fcntlmodule..initfcntl.txt-audioop..audioop_adpcm2lin.txt,86,156,No Clone
fcntlmodule..initfcntl.txt-cmathmodule..c_sin.txt,70,157,No Clone
cmathmodule..c_tan.txt-audioop..audioop_lin2lin.txt,83,158,No Clone
cmathmodule..c_tan.txt-cmathmodule..c_asin.txt,47,159,No Clone
cmathmodule..c_tan.txt-fpetestmodule..nest2.txt,56,160,No Clone
cmathmodule..c_tan.txt-audioop..audioop_tostereo.txt,84,161,No Clone
cmathmodule..c_tan.txt-fpectlmodule..sigfpe_handler.txt,69,162,No Clone
cmathmodule..c_tan.txt-audioop..audioop_minmax.txt,76,163,No Clone
cmathmodule..c_tan.txt-cmathmodule..c_log10.txt,46,164,No Clone
cmathmodule..c_tan.txt-audioop..audioop_adpcm2lin.txt,87,165,No Clone
cmathmodule..c_tan.txt-cmathmodule..c_sin.txt,42,166,No Clone
cmathmodule..c_tan.txt-fcntlmodule..initfcntl.txt,71,167,No Clone
cmathmodule..c_tanh.txt-fcntlmodule..ins.txt,64,168,No Clone
cmathmodule..c_tanh.txt-audioop..search.txt,63,169,No Clone
cmathmodule..c_tanh.txt-audioop..audioop_reverse.txt,81,170,No Clone
cmathmodule..c_tanh.txt-fpetestmodule..test.txt,76,171,No Clone
cmathmodule..c_tanh.txt-audioop..audioop_ratecv.txt,94,172,No Clone
cmathmodule..c_tanh.txt-audioop..audioop_max.txt,75,173,No Clone
cmathmodule..c_tanh.txt-audioop..audioop_findfactor.txt,69,174,No Clone
cmathmodule..c_tanh.txt-audioop..audioop_avgpp.txt,85,175,No Clone
cmathmodule..c_tanh.txt-audioop..audioop_rms.txt,75,176,No Clone
cmathmodule..c_acos.txt-cmathmodule..c_prodi.txt,69,177,No Clone
cmathmodule..c_acos.txt-audioop..audioop_cross.txt,76,178,No Clone
cmathmodule..c_acos.txt-fpectlmodule..fpe_reset.txt,70,179,No Clone
cmathmodule..c_acos.txt-audioop..audioop_mul.txt,83,180,No Clone
cmathmodule..c_acos.txt-audioop..audioop_lin2alaw.txt,78,181,No Clone
cmathmodule..c_acos.txt-fcntlmodule..fcntl_ioctl.txt,87,182,No Clone
cmathmodule..c_acos.txt-fcntlmodule..conv_descriptor.txt,65,183,No Clone
cmathmodule..c_acos.txt-fcntlmodule..all_ins.txt,91,184,No Clone
cmathmodule..c_acos.txt-audioop..audioop_alaw2lin.txt,79,185,No Clone
cmathmodule..c_acos.txt-cmathmodule..c_tanh.txt,49,186,No Clone
cmathmodule..c_asinh.txt-fcntlmodule..ins.txt,65,187,No Clone
cmathmodule..c_asinh.txt-audioop..search.txt,65,188,No Clone
cmathmodule..c_asinh.txt-audioop..audioop_reverse.txt,81,189,No Clone
cmathmodule..c_asinh.txt-fpetestmodule..test.txt,76,190,No Clone
cmathmodule..c_asinh.txt-audioop..audioop_ratecv.txt,94,191,No Clone
cmathmodule..c_asinh.txt-audioop..audioop_max.txt,76,192,No Clone
cmathmodule..c_asinh.txt-audioop..audioop_findfactor.txt,70,193,No Clone
cmathmodule..c_asinh.txt-audioop..audioop_avgpp.txt,85,194,No Clone
cmathmodule..c_asinh.txt-audioop..audioop_rms.txt,76,195,No Clone
fpetestmodule..initfpetest.txt-audioop..audioop_lin2lin.txt,77,196,No Clone
fpetestmodule..initfpetest.txt-cmathmodule..c_asin.txt,72,197,No Clone
fpetestmodule..initfpetest.txt-fpetestmodule..nest2.txt,72,198,No Clone
fpetestmodule..initfpetest.txt-audioop..audioop_tostereo.txt,80,199,No Clone
fpetestmodule..initfpetest.txt-fpectlmodule..sigfpe_handler.txt,76,200,No Clone
fpetestmodule..initfpetest.txt-audioop..audioop_minmax.txt,69,201,No Clone
fpetestmodule..initfpetest.txt-cmathmodule..c_log10.txt,77,202,No Clone
fpetestmodule..initfpetest.txt-audioop..audioop_adpcm2lin.txt,82,203,No Clone
fpetestmodule..initfpetest.txt-cmathmodule..c_sin.txt,76,204,No Clone
fpetestmodule..initfpetest.txt-fcntlmodule..initfcntl.txt,36,205,No Clone
audioop..audioop_ulaw2lin.txt-cmathmodule..c_asin.txt,77,206,No Clone
audioop..audioop_ulaw2lin.txt-fpetestmodule..nest2.txt,82,207,No Clone
audioop..audioop_ulaw2lin.txt-audioop..audioop_tostereo.txt,44,208,Type 3
audioop..audioop_ulaw2lin.txt-fpectlmodule..sigfpe_handler.txt,86,209,No Clone
audioop..audioop_ulaw2lin.txt-audioop..audioop_minmax.txt,42,210,Type 3
audioop..audioop_ulaw2lin.txt-cmathmodule..c_log10.txt,83,211,No Clone
audioop..audioop_ulaw2lin.txt-audioop..audioop_adpcm2lin.txt,47,212,No Clone
audioop..audioop_ulaw2lin.txt-cmathmodule..c_sin.txt,83,213,No Clone
audioop..audioop_ulaw2lin.txt-fcntlmodule..initfcntl.txt,76,214,No Clone
audioop..audioop_ulaw2lin.txt-fpetestmodule..initfpetest.txt,72,215,No Clone
audioop..audioop_maxpp.txt-fcntlmodule..ins.txt,77,216,No Clone
audioop..audioop_maxpp.txt-audioop..search.txt,81,217,No Clone
audioop..audioop_maxpp.txt-audioop..audioop_reverse.txt,35,218,Type 4
audioop..audioop_maxpp.txt-fpetestmodule..test.txt,76,219,No Clone
audioop..audioop_maxpp.txt-audioop..audioop_ratecv.txt,74,220,No Clone
audioop..audioop_maxpp.txt-audioop..audioop_max.txt,43,221,Type 4
audioop..audioop_maxpp.txt-audioop..audioop_findfactor.txt,66,222,No Clone
audioop..audioop_maxpp.txt-audioop..audioop_rms.txt,45,223,Type 1
audioop..audioop_maxpp.txt-cmathmodule..c_asinh.txt,85,224,No Clone
audioop..st_linear2alaw.txt-cmathmodule..c_prodi.txt,83,225,No Clone
audioop..st_linear2alaw.txt-audioop..audioop_cross.txt,66,226,No Clone
audioop..st_linear2alaw.txt-fpectlmodule..fpe_reset.txt,81,227,No Clone
audioop..st_linear2alaw.txt-audioop..audioop_mul.txt,71,228,No Clone
audioop..st_linear2alaw.txt-audioop..audioop_lin2alaw.txt,65,229,No Clone
cmathmodule..math_1.txt-grpmodule..grp_getgrnam.txt,66,230,No Clone
cmathmodule..math_1.txt-audioop..audioop_lin2alaw.txt,59,231,No Clone
cmathmodule..math_1.txt-fcntlmodule..fcntl_lockf.txt,61,232,No Clone
cmathmodule..math_1.txt-cmathmodule..c_log10.txt,80,233,No Clone
cmathmodule..math_1.txt-audioop..audioop_findfactor.txt,62,234,No Clone
cmathmodule..math_1.txt-fpectlmodule..turnoff_sigfpe.txt,83,235,No Clone
cmathmodule..math_1.txt-audioop..audioop_alaw2lin.txt,60,236,No Clone
cmathmodule..math_1.txt-cmathmodule..c_tan.txt,76,237,No Clone
cmathmodule..math_1.txt-fpetestmodule..initfpetest.txt,73,238,No Clone
fpectlmodule..initfpectl.txt-audioop..audioop_lin2lin.txt,77,239,No Clone
fpectlmodule..initfpectl.txt-cmathmodule..c_cos.txt,76,240,No Clone
fpectlmodule..initfpectl.txt-fpectlmodule..fpe_reset.txt,78,241,No Clone
fpectlmodule..initfpectl.txt-cmathmodule..c_log.txt,78,242,No Clone
fpectlmodule..initfpectl.txt-fpectlmodule..sigfpe_handler.txt,75,243,Type 1
fpectlmodule..initfpectl.txt-audioop..audioop_ratecv.txt,91,244,No Clone
fpectlmodule..initfpectl.txt-audioop..audioop_tomono.txt,79,245,No Clone
fpectlmodule..initfpectl.txt-fcntlmodule..conv_descriptor.txt,73,246,No Clone
fpectlmodule..initfpectl.txt-audioop..audioop_lin2ulaw.txt,71,247,No Clone
fpectlmodule..initfpectl.txt-audioop..audioop_rms.txt,70,248,No Clone
fpectlmodule..initfpectl.txt-cmathmodule..c_acos.txt,72,249,No Clone
fpectlmodule..initfpectl.txt-audioop..audioop_maxpp.txt,79,250,No Clone
audioop..audioop_add.txt-grpmodule..grp_getgrgid.txt,77,251,No Clone
audioop..audioop_add.txt-cmathmodule..c_asin.txt,86,252,No Clone
audioop..audioop_add.txt-audioop..search.txt,84,253,No Clone
audioop..audioop_add.txt-cmathmodule..cmath_log.txt,59,254,No Clone
audioop..audioop_add.txt-audioop..audioop_mul.txt,30,255,Type 4
audioop..audioop_add.txt-grpmodule..initgrp.txt,83,256,No Clone
audioop..audioop_add.txt-audioop..audioop_max.txt,55,257,Type 3
audioop..audioop_add.txt-audioop.._sum2.txt,86,258,No Clone
audioop..audioop_add.txt-fcntlmodule..all_ins.txt,65,259,No Clone
audioop..audioop_add.txt-audioop..audioop_getsample.txt,60,260,Type 2
audioop..audioop_add.txt-fcntlmodule..initfcntl.txt,86,261,No Clone
audioop..audioop_add.txt-cmathmodule..c_asinh.txt,87,262,No Clone
audioop..audioop_add.txt-audioop..st_linear2alaw.txt,78,263,No Clone
audioop..audioop_avg.txt-grpmodule..grp_getgrgid.txt,62,264,No Clone
audioop..audioop_avg.txt-cmathmodule..c_asin.txt,75,265,No Clone
audioop..audioop_avg.txt-audioop..search.txt,67,266,No Clone
audioop..audioop_avg.txt-cmathmodule..cmath_log.txt,53,267,No Clone
audioop..audioop_avg.txt-audioop..audioop_mul.txt,41,268,Type 3
audioop..audioop_avg.txt-grpmodule..initgrp.txt,72,269,No Clone
audioop..audioop_avg.txt-audioop.._sum2.txt,71,270,No Clone
audioop..audioop_avg.txt-fcntlmodule..all_ins.txt,79,271,No Clone
audioop..audioop_avg.txt-fcntlmodule..initfcntl.txt,75,272,No Clone
audioop..audioop_avg.txt-cmathmodule..c_asinh.txt,76,273,No Clone
audioop..audioop_avg.txt-audioop..st_linear2alaw.txt,65,274,No Clone
cmathmodule..c_exp.txt-audioop..audioop_lin2lin.txt,88,275,No Clone
cmathmodule..c_exp.txt-fcntlmodule..ins.txt,68,276,No Clone
cmathmodule..c_exp.txt-fpectlmodule..fpe_reset.txt,58,277,No Clone
cmathmodule..c_exp.txt-fpectlmodule..sigfpe_handler.txt,62,278,No Clone
cmathmodule..c_exp.txt-audioop..audioop_ratecv.txt,96,279,No Clone
cmathmodule..c_exp.txt-audioop..audioop_tomono.txt,89,280,No Clone
cmathmodule..c_exp.txt-fcntlmodule..conv_descriptor.txt,58,281,No Clone
cmathmodule..c_exp.txt-audioop..audioop_lin2ulaw.txt,83,282,No Clone
cmathmodule..c_exp.txt-audioop..audioop_rms.txt,81,283,No Clone
cmathmodule..c_exp.txt-cmathmodule..c_acos.txt,47,284,No Clone
cmathmodule..c_exp.txt-audioop..audioop_maxpp.txt,88,285,No Clone
cmathmodule..c_exp.txt-audioop..audioop_add.txt,90,286,No Clone
cmathmodule..c_cosh.txt-cmathmodule..c_prodi.txt,52,287,Type 4
cmathmodule..c_cosh.txt-fpetestmodule..db0.txt,64,288,No Clone
cmathmodule..c_cosh.txt-fpetestmodule..nest2.txt,57,289,No Clone
cmathmodule..c_cosh.txt-audioop..audioop_reverse.txt,85,290,No Clone
cmathmodule..c_cosh.txt-grpmodule..grp_getgrnam.txt,76,291,No Clone
cmathmodule..c_cosh.txt-audioop..audioop_lin2alaw.txt,83,292,No Clone
cmathmodule..c_cosh.txt-fpectlmodule..turnoff_sigfpe.txt,62,293,No Clone
cmathmodule..c_cosh.txt-audioop..audioop_alaw2lin.txt,83,294,No Clone
cmathmodule..c_cosh.txt-cmathmodule..c_tan.txt,43,295,No Clone
cmathmodule..c_cosh.txt-fpetestmodule..initfpetest.txt,76,296,No Clone
cmathmodule..c_cosh.txt-cmathmodule..math_1.txt,80,297,No Clone
cmathmodule..c_atanh.txt-fcntlmodule..fcntl_fcntl.txt,82,298,No Clone
cmathmodule..c_atanh.txt-audioop..audioop_cross.txt,80,299,No Clone
cmathmodule..c_atanh.txt-fpetestmodule..test.txt,80,300,No Clone
cmathmodule..c_atanh.txt-audioop..gcd.txt,62,301,No Clone
cmathmodule..c_atanh.txt-fcntlmodule..fcntl_ioctl.txt,90,302,No Clone
cmathmodule..c_atanh.txt-audioop..audioop_findmax.txt,78,303,No Clone
cmathmodule..c_atanh.txt-audioop..audioop_adpcm2lin.txt,89,304,No Clone
cmathmodule..c_atanh.txt-audioop..audioop_avgpp.txt,88,305,No Clone
cmathmodule..c_atanh.txt-audioop..st_14linear2ulaw.txt,73,306,No Clone
cmathmodule..c_atanh.txt-cmathmodule..c_tanh.txt,53,307,Type 4
cmathmodule..c_atanh.txt-audioop..audioop_ulaw2lin.txt,82,308,No Clone
cmathmodule..c_atanh.txt-fpectlmodule..initfpectl.txt,75,309,No Clone
fpetestmodule..overflow.txt-fcntlmodule..fcntl_fcntl.txt,92,310,No Clone
fpetestmodule..overflow.txt-audioop..audioop_cross.txt,90,311,No Clone
fpetestmodule..overflow.txt-cmathmodule..c_atan.txt,69,312,No Clone
fpetestmodule..overflow.txt-audioop..audioop_tostereo.txt,94,313,No Clone
fpetestmodule..overflow.txt-fpetestmodule..test.txt,89,314,No Clone
fpetestmodule..overflow.txt-audioop..gcd.txt,67,315,No Clone
fpetestmodule..overflow.txt-fcntlmodule..fcntl_ioctl.txt,95,316,No Clone
fpetestmodule..overflow.txt-audioop..audioop_findmax.txt,89,317,No Clone
fpetestmodule..overflow.txt-audioop..audioop_avgpp.txt,94,318,No Clone
fpetestmodule..overflow.txt-audioop..st_14linear2ulaw.txt,85,319,No Clone
fpetestmodule..overflow.txt-cmathmodule..c_tanh.txt,75,320,No Clone
fpetestmodule..overflow.txt-audioop..audioop_ulaw2lin.txt,91,321,No Clone
fpetestmodule..overflow.txt-fpectlmodule..initfpectl.txt,85,322,No Clone
fpetestmodule..overflow.txt-cmathmodule..c_cosh.txt,66,323,No Clone
fpectlmodule..turnon_sigfpe.txt-cmathmodule..c_prodi.txt,44,324,No Clone
fpectlmodule..turnon_sigfpe.txt-fpetestmodule..db0.txt,50,325,No Clone
fpectlmodule..turnon_sigfpe.txt-fpetestmodule..nest2.txt,63,326,No Clone
fpectlmodule..turnon_sigfpe.txt-audioop..audioop_reverse.txt,88,327,No Clone
fpectlmodule..turnon_sigfpe.txt-grpmodule..grp_getgrnam.txt,81,328,No Clone
fpectlmodule..turnon_sigfpe.txt-fcntlmodule..fcntl_lockf.txt,87,329,No Clone
fpectlmodule..turnon_sigfpe.txt-cmathmodule..c_log10.txt,63,330,No Clone
fpectlmodule..turnon_sigfpe.txt-fpectlmodule..turnoff_sigfpe.txt,39,331,Type 4
fpectlmodule..turnon_sigfpe.txt-audioop..audioop_alaw2lin.txt,87,332,No Clone
fpectlmodule..turnon_sigfpe.txt-cmathmodule..c_tan.txt,69,333,No Clone
fpectlmodule..turnon_sigfpe.txt-cmathmodule..math_1.txt,87,334,No Clone
fpectlmodule..turnon_sigfpe.txt-cmathmodule..c_exp.txt,61,335,No Clone
audioop..initaudioop.txt-audioop..audioop_lin2lin.txt,75,336,No Clone
audioop..initaudioop.txt-fcntlmodule..ins.txt,68,337,No Clone
audioop..initaudioop.txt-cmathmodule..c_cos.txt,77,338,No Clone
audioop..initaudioop.txt-fpectlmodule..fpe_reset.txt,81,339,No Clone
audioop..initaudioop.txt-fpectlmodule..sigfpe_handler.txt,78,340,No Clone
audioop..initaudioop.txt-audioop..audioop_ratecv.txt,91,341,No Clone
audioop..initaudioop.txt-audioop..audioop_tomono.txt,77,342,No Clone
audioop..initaudioop.txt-fcntlmodule..conv_descriptor.txt,74,343,No Clone
audioop..initaudioop.txt-cmathmodule..c_sin.txt,77,344,No Clone
audioop..initaudioop.txt-cmathmodule..c_acos.txt,74,345,No Clone
audioop..initaudioop.txt-audioop..audioop_maxpp.txt,78,346,No Clone
audioop..initaudioop.txt-audioop..audioop_add.txt,80,347,No Clone
audioop..initaudioop.txt-cmathmodule..c_atanh.txt,76,348,No Clone
fcntlmodule..fcntl_flock.txt-grpmodule..grp_getgrgid.txt,52,349,No Clone
fcntlmodule..fcntl_flock.txt-cmathmodule..c_asin.txt,65,350,No Clone
fcntlmodule..fcntl_flock.txt-audioop..search.txt,57,351,No Clone
fcntlmodule..fcntl_flock.txt-audioop..audioop_mul.txt,72,352,Type 4
fcntlmodule..fcntl_flock.txt-grpmodule..initgrp.txt,67,353,No Clone
fcntlmodule..fcntl_flock.txt-audioop..audioop_minmax.txt,62,354,No Clone
fcntlmodule..fcntl_flock.txt-audioop..audioop_max.txt,62,355,No Clone
fcntlmodule..fcntl_flock.txt-fcntlmodule..all_ins.txt,87,356,No Clone
fcntlmodule..fcntl_flock.txt-audioop..audioop_getsample.txt,58,357,No Clone
fcntlmodule..fcntl_flock.txt-fcntlmodule..initfcntl.txt,63,358,No Clone
fcntlmodule..fcntl_flock.txt-cmathmodule..c_asinh.txt,64,359,No Clone
fcntlmodule..fcntl_flock.txt-audioop..st_linear2alaw.txt,64,360,No Clone
fcntlmodule..fcntl_flock.txt-fpetestmodule..overflow.txt,82,361,No Clone
cmathmodule..math_error.txt-grpmodule..grp_getgrgid.txt,65,362,No Clone
cmathmodule..math_error.txt-audioop..search.txt,62,363,No Clone
cmathmodule..math_error.txt-cmathmodule..cmath_log.txt,78,364,No Clone
cmathmodule..math_error.txt-audioop..audioop_mul.txt,82,365,No Clone
cmathmodule..math_error.txt-grpmodule..initgrp.txt,67,366,No Clone
cmathmodule..math_error.txt-audioop..audioop_max.txt,75,367,No Clone
cmathmodule..math_error.txt-audioop.._sum2.txt,65,368,No Clone
cmathmodule..math_error.txt-fcntlmodule..all_ins.txt,91,369,No Clone
cmathmodule..math_error.txt-audioop..audioop_getsample.txt,73,370,No Clone
cmathmodule..math_error.txt-fcntlmodule..initfcntl.txt,70,371,No Clone
cmathmodule..math_error.txt-cmathmodule..c_asinh.txt,65,372,Type 4
cmathmodule..math_error.txt-audioop..st_linear2alaw.txt,68,373,Type 4
cmathmodule..math_error.txt-audioop..audioop_avg.txt,75,374,No Clone
cmathmodule..math_error.txt-fpetestmodule..overflow.txt,74,375,No Clone
cmathmodule..c_acosh.txt-audioop..audioop_lin2lin.txt,84,376,No Clone
cmathmodule..c_acosh.txt-cmathmodule..c_cos.txt,45,377,No Clone
cmathmodule..c_acosh.txt-fpectlmodule..fpe_reset.txt,71,378,No Clone
cmathmodule..c_acosh.txt-fpectlmodule..sigfpe_handler.txt,69,379,No Clone
cmathmodule..c_acosh.txt-audioop..audioop_ratecv.txt,94,380,No Clone
cmathmodule..c_acosh.txt-audioop..audioop_tomono.txt,85,381,No Clone
cmathmodule..c_acosh.txt-fcntlmodule..conv_descriptor.txt,66,382,No Clone
cmathmodule..c_acosh.txt-audioop..audioop_lin2ulaw.txt,78,383,No Clone
cmathmodule..c_acosh.txt-cmathmodule..c_sin.txt,46,384,Type 4
cmathmodule..c_acosh.txt-audioop..audioop_rms.txt,76,385,No Clone
cmathmodule..c_acosh.txt-fcntlmodule..fcntl_flock.txt,64,386,No Clone
fpetestmodule..printerr.txt-cmathmodule..c_prodi.txt,69,387,No Clone
fpetestmodule..printerr.txt-fpetestmodule..db0.txt,68,388,No Clone
fpetestmodule..printerr.txt-fpetestmodule..nest2.txt,60,389,No Clone
fpetestmodule..printerr.txt-grpmodule..grp_getgrnam.txt,76,390,No Clone
fpetestmodule..printerr.txt-audioop..audioop_lin2alaw.txt,82,391,No Clone
fpetestmodule..printerr.txt-fcntlmodule..fcntl_lockf.txt,84,392,No Clone
fpetestmodule..printerr.txt-cmathmodule..c_log10.txt,65,393,No Clone
fpetestmodule..printerr.txt-audioop..audioop_findfactor.txt,76,394,No Clone
fpetestmodule..printerr.txt-fpectlmodule..turnoff_sigfpe.txt,55,395,No Clone
fpetestmodule..printerr.txt-fpetestmodule..initfpetest.txt,71,396,No Clone
fpetestmodule..printerr.txt-cmathmodule..c_exp.txt,63,397,No Clone
fpetestmodule..printerr.txt-fpectlmodule..turnon_sigfpe.txt,66,398,No Clone
fpetestmodule..printerr.txt-cmathmodule..c_acosh.txt,65,399,No Clone
audioop..audioop_findfit.txt-audioop..audioop_cross.txt,50,400,No Clone
audioop..audioop_findfit.txt-audioop..audioop_tostereo.txt,56,401,No Clone
audioop..audioop_findfit.txt-audioop..gcd.txt,84,402,No Clone
audioop..audioop_findfit.txt-audioop..audioop_adpcm2lin.txt,58,403,No Clone
audioop..audioop_findfit.txt-audioop..audioop_avgpp.txt,54,404,No Clone
audioop..audioop_findfit.txt-audioop..st_14linear2ulaw.txt,73,405,No Clone
audioop..audioop_findfit.txt-audioop..audioop_ulaw2lin.txt,50,406,No Clone
audioop..audioop_findfit.txt-audioop..initaudioop.txt,73,407,No Clone
audioop..audioop_findfit.txt-fpetestmodule..printerr.txt,84,408,No Clone
audioop..audioop_bias.txt-audioop..audioop_tostereo.txt,35,409,Type 2
audioop..audioop_bias.txt-fpetestmodule..test.txt,72,410,No Clone
audioop..audioop_bias.txt-audioop..gcd.txt,84,411,No Clone
audioop..audioop_bias.txt-fcntlmodule..fcntl_ioctl.txt,64,412,No Clone
audioop..audioop_bias.txt-audioop..audioop_adpcm2lin.txt,42,413,No Clone
audioop..audioop_bias.txt-audioop..st_14linear2ulaw.txt,71,414,No Clone
audioop..audioop_bias.txt-cmathmodule..c_tanh.txt,80,415,No Clone
audioop..audioop_bias.txt-cmathmodule..c_cosh.txt,85,416,No Clone
audioop..audioop_bias.txt-fpetestmodule..printerr.txt,84,417,No Clone
cmathmodule..initcmath.txt-cmathmodule..c_prodi.txt,82,418,No Clone
cmathmodule..initcmath.txt-fpetestmodule..db0.txt,84,419,No Clone
cmathmodule..initcmath.txt-fpetestmodule..nest2.txt,72,420,No Clone
cmathmodule..initcmath.txt-audioop..audioop_reverse.txt,76,421,No Clone
cmathmodule..initcmath.txt-audioop..audioop_lin2alaw.txt,72,422,No Clone
cmathmodule..initcmath.txt-fcntlmodule..fcntl_lockf.txt,73,423,No Clone
cmathmodule..initcmath.txt-audioop..audioop_findfactor.txt,67,424,No Clone
cmathmodule..initcmath.txt-fpectlmodule..turnoff_sigfpe.txt,72,425,No Clone
cmathmodule..initcmath.txt-audioop..audioop_alaw2lin.txt,73,426,No Clone
cmathmodule..initcmath.txt-cmathmodule..c_tan.txt,68,427,No Clone
cmathmodule..initcmath.txt-cmathmodule..math_1.txt,73,428,No Clone
cmathmodule..initcmath.txt-fpectlmodule..turnon_sigfpe.txt,78,429,No Clone
grpmodule..mkgrent.txt-audioop..audioop_lin2lin.txt,64,430,No Clone
grpmodule..mkgrent.txt-cmathmodule..c_cos.txt,91,431,No Clone
grpmodule..mkgrent.txt-fpectlmodule..fpe_reset.txt,93,432,No Clone
grpmodule..mkgrent.txt-fpectlmodule..sigfpe_handler.txt,92,433,No Clone
grpmodule..mkgrent.txt-audioop..audioop_tomono.txt,63,434,No Clone
grpmodule..mkgrent.txt-audioop..audioop_lin2ulaw.txt,70,435,No Clone
grpmodule..mkgrent.txt-cmathmodule..c_sin.txt,91,436,No Clone
grpmodule..mkgrent.txt-audioop..audioop_rms.txt,71,437,No Clone
grpmodule..mkgrent.txt-audioop..audioop_maxpp.txt,63,438,No Clone
grpmodule..mkgrent.txt-cmathmodule..c_atanh.txt,90,439,No Clone
grpmodule..mkgrent.txt-audioop..audioop_findfit.txt,70,440,No Clone
fpetestmodule..nest1.txt-grpmodule..grp_getgrgid.txt,71,441,No Clone
fpetestmodule..nest1.txt-cmathmodule..c_asin.txt,68,442,No Clone
fpetestmodule..nest1.txt-audioop..search.txt,53,443,No Clone
fpetestmodule..nest1.txt-audioop..audioop_mul.txt,86,444,No Clone
fpetestmodule..nest1.txt-grpmodule..initgrp.txt,72,445,No Clone
fpetestmodule..nest1.txt-audioop..audioop_minmax.txt,80,446,No Clone
fpetestmodule..nest1.txt-audioop..audioop_max.txt,79,447,No Clone
fpetestmodule..nest1.txt-fcntlmodule..all_ins.txt,94,448,No Clone
fpetestmodule..nest1.txt-fcntlmodule..initfcntl.txt,69,449,No Clone
fpetestmodule..nest1.txt-cmathmodule..c_asinh.txt,66,450,No Clone
fpetestmodule..nest1.txt-audioop..st_linear2alaw.txt,70,451,No Clone
fpetestmodule..nest1.txt-audioop..audioop_avg.txt,79,452,No Clone
fpetestmodule..nest1.txt-cmathmodule..math_error.txt,59,453,No Clone
fpetestmodule..nest1.txt-audioop..audioop_bias.txt,84,454,No Clone
cmathmodule..c_sqrt.txt-grpmodule..grp_getgrgid.txt,64,455,No Clone
cmathmodule..c_sqrt.txt-cmathmodule..c_asin.txt,56,456,No Clone
cmathmodule..c_sqrt.txt-cmathmodule..cmath_log.txt,71,457,No Clone
cmathmodule..c_sqrt.txt-grpmodule..initgrp.txt,72,458,No Clone
cmathmodule..c_sqrt.txt-audioop..audioop_max.txt,68,459,No Clone
cmathmodule..c_sqrt.txt-audioop.._sum2.txt,59,460,No Clone
cmathmodule..c_sqrt.txt-fcntlmodule..all_ins.txt,89,461,No Clone
cmathmodule..c_sqrt.txt-fcntlmodule..initfcntl.txt,71,462,No Clone
cmathmodule..c_sqrt.txt-cmathmodule..c_asinh.txt,56,463,No Clone
cmathmodule..c_sqrt.txt-audioop..st_linear2alaw.txt,63,464,No Clone
cmathmodule..c_sqrt.txt-fpetestmodule..overflow.txt,79,465,No Clone
cmathmodule..c_sqrt.txt-cmathmodule..math_error.txt,62,466,No Clone
cmathmodule..c_sinh.txt-audioop..audioop_lin2lin.txt,87,467,No Clone
cmathmodule..c_sinh.txt-fcntlmodule..ins.txt,67,468,No Clone
cmathmodule..c_sinh.txt-fpectlmodule..sigfpe_handler.txt,62,469,No Clone
cmathmodule..c_sinh.txt-audioop..audioop_ratecv.txt,96,470,No Clone
cmathmodule..c_sinh.txt-audioop..audioop_tomono.txt,88,471,No Clone
cmathmodule..c_sinh.txt-fcntlmodule..conv_descriptor.txt,60,472,No Clone
cmathmodule..c_sinh.txt-audioop..audioop_lin2ulaw.txt,82,473,No Clone
cmathmodule..c_sinh.txt-audioop..audioop_rms.txt,80,474,No Clone
cmathmodule..c_sinh.txt-cmathmodule..c_acos.txt,44,475,No Clone
cmathmodule..c_sinh.txt-audioop..audioop_ulaw2lin.txt,83,476,No Clone
cmathmodule..c_sinh.txt-audioop..audioop_add.txt,90,477,No Clone
cmathmodule..c_sinh.txt-fpetestmodule..overflow.txt,66,478,No Clone
cmathmodule..c_sinh.txt-fcntlmodule..fcntl_flock.txt,68,479,No Clone
cmathmodule..c_sinh.txt-audioop..audioop_findfit.txt,83,480,No Clone
cmathmodule..c_sinh.txt-fpetestmodule..nest1.txt,58,481,No Clone
audioop..audioop_lin2adpcm.txt-cmathmodule..c_prodi.txt,94,482,No Clone
audioop..audioop_lin2adpcm.txt-fpetestmodule..db0.txt,95,483,No Clone
audioop..audioop_lin2adpcm.txt-fpetestmodule..nest2.txt,90,484,No Clone
audioop..audioop_lin2adpcm.txt-audioop..audioop_reverse.txt,46,485,Type 2
audioop..audioop_lin2adpcm.txt-fpectlmodule..sigfpe_handler.txt,92,486,No Clone
audioop..audioop_lin2adpcm.txt-audioop..audioop_lin2alaw.txt,52,487,Type 2
audioop..audioop_lin2adpcm.txt-fcntlmodule..fcntl_lockf.txt,65,488,No Clone
audioop..audioop_lin2adpcm.txt-cmathmodule..c_log10.txt,90,489,No Clone
audioop..audioop_lin2adpcm.txt-audioop..audioop_findfactor.txt,72,490,No Clone
audioop..audioop_lin2adpcm.txt-fpectlmodule..turnoff_sigfpe.txt,89,491,No Clone
audioop..audioop_lin2adpcm.txt-audioop..audioop_alaw2lin.txt,54,492,Type 2
audioop..audioop_lin2adpcm.txt-cmathmodule..c_tan.txt,88,493,No Clone
audioop..audioop_lin2adpcm.txt-fpetestmodule..initfpetest.txt,82,494,No Clone
audioop..audioop_lin2adpcm.txt-audioop..st_linear2alaw.txt,80,495,No Clone
audioop..audioop_lin2adpcm.txt-cmathmodule..c_exp.txt,91,496,No Clone
audioop..audioop_lin2adpcm.txt-fpectlmodule..turnon_sigfpe.txt,93,497,No Clone
audioop..audioop_lin2adpcm.txt-fpetestmodule..printerr.txt,90,498,No Clone
audioop..audioop_lin2adpcm.txt-cmathmodule..c_sinh.txt,90,499,No Clone
grpmodule..grp_getgrall.txt-fcntlmodule..fcntl_fcntl.txt,62,500,No Clone
grpmodule..grp_getgrall.txt-cmathmodule..c_atan.txt,82,501,No Clone
grpmodule..grp_getgrall.txt-audioop..audioop_tostereo.txt,62,502,No Clone
grpmodule..grp_getgrall.txt-fpetestmodule..test.txt,73,503,No Clone
grpmodule..grp_getgrall.txt-fcntlmodule..fcntl_ioctl.txt,71,504,No Clone
grpmodule..grp_getgrall.txt-audioop..audioop_findmax.txt,60,505,No Clone
grpmodule..grp_getgrall.txt-audioop..audioop_adpcm2lin.txt,62,506,No Clone
grpmodule..grp_getgrall.txt-audioop..st_14linear2ulaw.txt,73,507,No Clone
grpmodule..grp_getgrall.txt-cmathmodule..c_tanh.txt,77,508,No Clone
grpmodule..grp_getgrall.txt-fpectlmodule..initfpectl.txt,72,509,No Clone
grpmodule..grp_getgrall.txt-audioop..initaudioop.txt,70,510,No Clone
grpmodule..grp_getgrall.txt-fpetestmodule..printerr.txt,82,511,No Clone
grpmodule..grp_getgrall.txt-grpmodule..mkgrent.txt,58,512,Type 3
grpmodule..grp_getgrall.txt-audioop..audioop_lin2adpcm.txt,65,513,No Clone
fpetestmodule..nest3.txt-audioop..audioop_cross.txt,90,514,No Clone
fpetestmodule..nest3.txt-audioop..audioop_tostereo.txt,94,515,No Clone
fpetestmodule..nest3.txt-audioop..gcd.txt,65,516,No Clone
fpetestmodule..nest3.txt-fcntlmodule..fcntl_ioctl.txt,96,517,No Clone
fpetestmodule..nest3.txt-audioop..audioop_findmax.txt,89,518,No Clone
fpetestmodule..nest3.txt-audioop..audioop_adpcm2lin.txt,95,519,No Clone
fpetestmodule..nest3.txt-fpectlmodule..turnoff_sigfpe.txt,66,520,No Clone
fpetestmodule..nest3.txt-audioop..st_14linear2ulaw.txt,85,521,No Clone
fpetestmodule..nest3.txt-cmathmodule..c_tanh.txt,73,522,No Clone
fpetestmodule..nest3.txt-audioop..audioop_ulaw2lin.txt,91,523,No Clone
fpetestmodule..nest3.txt-fpectlmodule..initfpectl.txt,84,524,No Clone
fpetestmodule..nest3.txt-audioop..initaudioop.txt,86,525,No Clone
fpetestmodule..nest3.txt-fpetestmodule..printerr.txt,66,526,No Clone
fpetestmodule..nest3.txt-grpmodule..mkgrent.txt,95,527,No Clone
fpetestmodule..nest3.txt-audioop..audioop_lin2adpcm.txt,95,528,No Clone
audioop..audioop_alaw2lin.txt-audioop..audioop_reverse.txt,19,529,Type 4
audioop..audioop_rms.txt-audioop..audioop_max.txt,12,530,Type 4
audioop..audioop_maxpp.txt-audioop..audioop_avgpp.txt,6,531,Type 4
audioop..audioop_avg.txt-audioop..audioop_minmax.txt,15,532,Type 4
audioop..audioop_avg.txt-audioop..audioop_max.txt,8,533,Type 3
cmathmodule..c_acosh.txt-cmathmodule..c_atanh.txt,35,534,Type 4
audioop..audioop_bias.txt-audioop..audioop_ulaw2lin.txt,19,535,Type 3
audioop..audioop_mul.txt-audioop..audioop_reverse.txt,19,536,Type 3
audioop..audioop_lin2alaw.txt-audioop..audioop_reverse.txt,19,537,Type 4
audioop..audioop_tomono.txt-audioop..audioop_mul.txt,17,538,Type 4
audioop..audioop_lin2ulaw.txt-audioop..audioop_lin2lin.txt,31,539,Type 3
audioop..audioop_lin2ulaw.txt-audioop..audioop_minmax.txt,33,540,Type 3
audioop..audioop_getsample.txt-audioop..audioop_minmax.txt,35,541,No Clone
audioop..audioop_ulaw2lin.txt-audioop..audioop_lin2lin.txt,30,542,Type 4
audioop..audioop_avg.txt-audioop..audioop_getsample.txt,32,543,Type 3
cmathmodule..c_exp.txt-cmathmodule..c_cos.txt,16,544,No Clone
cmathmodule..c_exp.txt-cmathmodule..c_log.txt,32,545,No Clone
cmathmodule..c_exp.txt-cmathmodule..c_sin.txt,15,546,No Clone
cmathmodule..c_cosh.txt-cmathmodule..c_log10.txt,26,547,No Clone
cmathmodule..c_cosh.txt-cmathmodule..c_exp.txt,17,548,No Clone
cmathmodule..c_atanh.txt-cmathmodule..c_atan.txt,1,549,Type 4
cmathmodule..c_atanh.txt-cmathmodule..c_cosh.txt,34,550,No Clone
cmathmodule..c_acosh.txt-cmathmodule..c_acos.txt,16,551,Type 4
audioop..audioop_findfit.txt-audioop..audioop_findmax.txt,33,552,Type 3
cmathmodule..c_sinh.txt-cmathmodule..c_cos.txt,6,553,Type 4
cmathmodule..c_sinh.txt-cmathmodule..c_log.txt,33,554,No Clone
cmathmodule..c_sinh.txt-cmathmodule..c_sin.txt,5,555,Type 4
